0,0,0,0
1317381365,740309953,0.123435948778729,-0.030250524103018
1317381365,850610017,0.276963380762526,-0.070026693524274
1317381365,950361967,0.434012558729569,-0.114972699177516
1317381366,50332069,0.602158752393602,-0.169639618590125
1317381366,160327911,0.79964888956108,-0.24348385027806
1317381366,260339975,0.988961898634192,-0.326047381234427
1317381366,370402097,1.20977405735994,-0.427185162254472
1317381366,470369100,1.42044895150674,-0.53017688439289
1317381366,580327033,1.65323114546875,-0.665976217438192
1317381366,680299997,1.86190537070519,-0.814777738169482
1317381366,780333995,2.07527564261101,-0.974711251358564
1317381366,890444993,2.31430811924898,-1.16786952189887
1317381366,990318059,2.5287325255487,-1.36567149371058
1317381367,100320100,2.75941524231245,-1.60874165535607
1317381367,200285911,2.96200471025154,-1.85092486900828
1317381367,300278902,3.15758377844278,-2.11676544544424
1317381367,410465002,3.36563593983463,-2.43750383703922
1317381367,510282993,3.54848680340138,-2.75337330969437
1317381367,620311975,3.74189777400535,-3.12853392177698
1317381367,720258951,3.90431486852677,-3.49762528059196
1317381367,820291042,4.05089771616779,-3.8945993339269
1317381367,930432081,4.19818655934302,-4.36136451154973
1317381368,30319929,4.3198333993234,-4.81282591148095
1317381368,130281925,4.42772133354761,-5.28877439918609
1317381368,240323066,4.52562793302362,-5.84341532790784
1317381368,340300083,4.59774775973178,-6.37277684760605
1317381368,440324068,4.65769561163791,-6.92753099225392
1317381368,550329923,4.70967435188496,-7.56522305965245
1317381368,650265932,4.74371638295133,-8.16921733844042
1317381368,760287046,4.77241056710601,-8.85896835628458
1317381368,860480070,4.79453815294465,-9.50960616042689
1317381368,960318088,4.81127765996269,-10.1815631079982
1317381369,70247888,4.82053291111604,-10.9437945833978
1317381369,170278072,4.82098960468241,-11.6580558343156
1317381369,270390033,4.81426210388093,-12.3893655838501
1317381369,380419015,4.79749470159724,-13.2130979274965
1317381369,480257034,4.77454551188909,-13.9748036970863
1317381369,580236911,4.74527254248745,-14.7455168753759
1317381369,690273046,4.70149597795873,-15.598576261965
1317381369,790242910,4.65141325550262,-16.3783054155767
1317381369,900387048,4.5849497604263,-17.2392782973669
1317381370,252008,4.51308589059701,-18.0252603825875
1317381370,100255966,4.42871296109966,-18.8150765879788
1317381370,210218906,4.32090279877432,-19.6863931288208
1317381370,310230016,4.20837900498891,-20.4824070464163
1317381370,410469055,4.07800289698451,-21.2793005572438
1317381370,520216941,3.90441784870027,-22.1544538758043
1317381370,620277881,3.71924018347863,-22.9471998601341
1317381370,730233907,3.48285279644702,-23.8138853566672
1317381370,830229997,3.24148684965961,-24.5965624055197
1317381370,930339097,2.97556002230387,-25.3732337635758
1317381371,40247917,2.65197034779459,-26.2178794706444
1317381371,140180110,2.32949801143878,-26.9751202366427
1317381371,250289916,1.94685938082156,-27.7970684406871
1317381371,350492954,1.5747255594555,-28.5334065299282
1317381371,450247049,1.17611943690628,-29.2600654516526
1317381371,560326099,0.715832756349416,-30.0459191987917
1317381371,660234928,0.281534481721572,-30.7444866842198
1317381371,760230064,-0.166409740912295,-31.4310155231003
1317381371,870351076,-0.676325114761819,-32.1730913128616
1317381371,970241069,-1.15840767836028,-32.8330413299561
1317381372,80213069,-1.70886379099641,-33.5404368742073
1317381372,180246114,-2.22232417251417,-34.1675683815048
1317381372,280206918,-2.74986494557353,-34.7790312967947
1317381372,390384912,-3.3442931005828,-35.4316638648199
1317381372,490169048,-3.89268254842764,-36.0095183998054
1317381372,590205907,-4.44274548740797,-36.5759772104937
1317381372,700175046,-5.05030562331085,-37.1852654559963
1317381372,800190925,-5.60236967913753,-37.7331191825642
1317381372,910284042,-6.21525340553863,-38.3325735211305
1317381373,10170936,-6.78599186379166,-38.8617850933299
1317381373,110217094,-7.36739781086688,-39.3904383575979
1317381373,220196008,-8.0200256888018,-39.9777212411732
1317381373,320166110,-8.62598890644604,-40.5167316563031
1317381373,420340061,-9.24415687627692,-41.0664043712373
1317381373,530178070,-9.93189303682107,-41.6866861229037
1317381373,630146980,-10.5623461569717,-42.2683165693475
1317381373,730180025,-11.1995711534975,-42.8646998287077
1317381373,840159893,-11.9077585619244,-43.5390023475801
1317381373,940190076,-12.5586036667739,-44.1705051564871
1317381374,50165891,-13.2825852977072,-44.884466278849
1317381374,150176048,-13.9516179126976,-45.545740010376
1317381374,250190973,-14.6305212243745,-46.2145764567152
1317381374,360402107,-15.3895203339582,-46.959750085427
1317381374,460249900,-16.0889931892514,-47.6438717167273
1317381374,560153007,-16.7963567420196,-48.3365068010069
1317381374,670156002,-17.5810690383275,-49.1030770615883
1317381374,770267009,-18.2970645905732,-49.8055476163408
1317381374,880332946,-19.0840043551532,-50.5755237287538
1317381374,980173110,-19.7972179145548,-51.2732895784732
1317381375,80141067,-20.5086292812475,-51.9700138486691
1317381375,190131902,-21.2892376756663,-52.7359751561459
1317381375,290121078,-21.9966277668106,-53.4331436270039
1317381375,390264034,-22.7003308878718,-54.1300481408156
1317381375,500185966,-23.4706005928846,-54.8954856558925
1317381375,600128889,-24.1671582524083,-55.5917217604846
1317381375,710143089,-24.9277625957395,-56.3558296921452
1317381375,810137987,-25.6163204642111,-57.0485954920233
1317381375,910281896,-26.304294653098,-57.7358716130698
1317381376,20173072,-27.0639898007067,-58.484817161491
1317381376,120105028,-27.7583706041531,-59.1537677447485
1317381376,230110883,-28.5213196701976,-59.885180852669
1317381376,330107927,-29.2151986952749,-60.5407242439403
1317381376,430202960,-29.9109296586666,-61.1899141637723
1317381376,540095090,-30.6747061168634,-61.8973751207279
1317381376,640098094,-31.3715615811965,-62.5331842324993
1317381376,740170955,-32.0697848661296,-63.1638365343796
1317381376,850162982,-32.8405968298267,-63.8519547532713
1317381376,950308084,-33.5396951883659,-64.4739141467648
1317381377,60095071,-34.3042948072138,-65.1524024094025
1317381377,160068988,-34.9971889106895,-65.763724216627
1317381377,260060071,-35.6899397816633,-66.3692135648042
1317381377,370294094,-36.4529586441103,-67.0341281953294
1317381377,470051050,-37.1436497973937,-67.6335013116334
1317381377,570080995,-37.8321389966244,-68.2355798034169
1317381377,680062055,-38.5868464652559,-68.8970728903408
1317381377,780071020,-39.2704600384535,-69.4996247484477
1317381377,890202045,-40.0135735692427,-70.1642870010282
1317381377,990076065,-40.6870112563892,-70.7679199600078
1317381378,90111970,-41.3627968748673,-71.3663415573531
1317381378,200061082,-42.1038208170576,-72.0213648312924
1317381378,300118923,-42.7738287877502,-72.6195649952969
1317381378,400244951,-43.4408857548808,-73.2186983071856
1317381378,510104894,-44.1689366441953,-73.8826891349621
1317381378,610060930,-44.8194858975507,-74.4933063416868
1317381378,720056056,-45.5239212006176,-75.1768408554066
1317381378,820092916,-46.1579452629538,-75.7999793094544
1317381378,920408964,-46.7810588887365,-76.4310928328099
1317381379,30029058,-47.4551767031267,-77.1341591186387
1317381379,130080938,-48.0609888204606,-77.7774811679599
1317381379,230063915,-48.6552592196066,-78.4275461130094
1317381379,340049028,-49.2970911962095,-79.1491494575239
1317381379,440090894,-49.8741849408151,-79.8103485047351
1317381379,550107002,-50.4948701864963,-80.5499579914399
1317381379,650108098,-51.0512874326117,-81.2270919301486
1317381379,750040054,-51.5958259926851,-81.9089558500145
1317381379,860208034,-52.1823322321638,-82.6673573416783
1317381379,960103988,-52.7086948426043,-83.3618268959708
1317381380,60029029,-53.2330243401036,-84.0585528406936
1317381380,169998884,-53.8070885736759,-84.8259378126126
1317381380,270184040,-54.3262794471825,-85.5231475907907
1317381380,380166053,-54.8933185369362,-86.2934954427043
1317381380,480019092,-55.4026870892604,-86.9976463967228
1317381380,580068111,-55.9065181197881,-87.7033275523363
1317381380,690042018,-56.4496190884654,-88.4851162244174
1317381380,790007114,-56.9370974440862,-89.1983418380096
1317381380,890233039,-57.4231226873325,-89.9098787231317
1317381381,5006,-57.9554378519112,-90.6929527891863
1317381381,100008964,-58.4316182428261,-91.411985371918
1317381381,210032939,-58.9537485535325,-92.2046249426205
1317381381,310009956,-59.4234212875481,-92.9313582911209
1317381381,410039901,-59.8857279277465,-93.6588812872975
1317381381,520009040,-60.3862951338279,-94.4647929073571
1317381381,620012998,-60.8378193802605,-95.1989626173559
1317381381,730026960,-61.328249768839,-96.0112310539568
1317381381,830003976,-61.7725226598664,-96.7497875260107
1317381381,930044889,-62.2131051535551,-97.4902438075054
1317381382,40019989,-62.686475117464,-98.3106454097678
1317381382,140029907,-63.1086186118051,-99.0611925498703
1317381382,240072965,-63.5244064947211,-99.8162602654761
1317381382,350069999,-63.9811327338182,-100.645498066478
1317381382,450038909,-64.393689550707,-101.401248893591
1317381382,560014009,-64.8430816690023,-102.233880190832
1317381382,659980058,-65.2523695779309,-102.991554988679
1317381382,760005950,-65.6597874622549,-103.749523025594
1317381382,870183944,-66.098571555691,-104.586509470594
1317381382,969997882,-66.4892223763679,-105.349617846057
1317381383,69982051,-66.8766457955454,-106.112823857343
1317381383,179970979,-67.2983531664056,-106.95453049179
1317381383,280023097,-67.6801292317201,-107.720574028265
1317381383,390227079,-68.1040181718295,-108.560626227118
1317381383,489974975,-68.4876512205656,-109.322978475279
1317381383,589967012,-68.8684791238508,-110.083370466603
1317381383,700043916,-69.2855948932905,-110.914133930858
1317381383,799978017,-69.6623814531106,-111.667952690916
1317381383,900120019,-70.0367490959105,-112.421661459316
1317381384,9952068,-70.4478536558991,-113.24820605381
1317381384,109966993,-70.8231823126157,-113.996398649668
1317381384,219923973,-71.2321522774101,-114.815763055562
1317381384,319952011,-71.5890383805733,-115.563862473133
1317381384,420176982,-71.9451674010092,-116.306676387205
1317381384,529953002,-72.3391757666335,-117.118556013451
1317381384,629941940,-72.6968494575779,-117.849546929085
1317381384,739967107,-73.0873416907529,-118.648121562768
1317381384,839929103,-73.443914431606,-119.373186843615
1317381384,939956903,-73.7989709832171,-120.090141680125
1317381385,49913883,-74.183820924281,-120.882210443416
1317381385,149946928,-74.5262078171132,-121.597327821469
1317381385,250026941,-74.8658496427204,-122.309472750278
1317381385,360068082,-75.2309464097993,-123.089366832241
1317381385,459954023,-75.5548483946022,-123.795631879293
1317381385,559928894,-75.8712287841911,-124.504079287336
1317381385,669915914,-76.2120273515984,-125.280682862995
1317381385,770076990,-76.5147262233478,-125.986270822974
1317381385,880038022,-76.8325267010627,-126.761922996428
1317381385,980012893,-77.1101756314928,-127.468531390319
1317381386,79948902,-77.3778636628571,-128.169590656287
1317381386,189914941,-77.6601493306204,-128.940919313844
1317381386,289896965,-77.8984409516755,-129.64019221918
1317381386,390074014,-78.1294753957503,-130.339075590557
1317381386,499874114,-78.3739929483254,-131.110138406189
1317381386,599889993,-78.5846331287698,-131.815055081156
1317381386,709883928,-78.7988872199147,-132.586416599421
1317381386,809915065,-78.9826498337034,-133.284661969582
1317381386,910023927,-79.1597665548205,-133.98321048816
1317381387,19906044,-79.3461517025693,-134.753693866397
1317381387,119896888,-79.5197051550832,-135.458847579596
1317381387,229880094,-79.7108010242636,-136.231466124514
1317381387,329885959,-79.882631351946,-136.93561723169
1317381387,429907083,-80.0553838287054,-137.637348189533
1317381387,539963006,-80.2516879001296,-138.403729948039
1317381387,639899969,-80.4276718322258,-139.105730217655
1317381387,749890089,-80.6288031775973,-139.873572272413
1317381387,850058078,-80.8138872961457,-140.569791969231
1317381387,949984073,-81.0018662793659,-141.261391237122
1317381388,59874057,-81.2106068087713,-142.013150011764
1317381388,159915924,-81.4024150075192,-142.694817294488
1317381388,259924888,-81.596826140471,-143.370599575441
1317381388,369973897,-81.8142306029962,-144.106333514839
1317381388,469881057,-82.01349248428,-144.768004901413
1317381388,579854011,-82.2339707016784,-145.498191723312
1317381388,679871082,-82.4347289070667,-146.156306532472
1317381388,779855012,-82.6286827606011,-146.809397012709
1317381388,889919042,-82.8390790641293,-147.520513073566
1317381388,989862918,-83.0208306815461,-148.162248132646
1317381389,89873075,-83.1899621048946,-148.801905262985
1317381389,199863910,-83.3589702138162,-149.502361815827
1317381389,299845933,-83.5040567911301,-150.135379255976
1317381389,399949073,-83.6417999158021,-150.766345931621
1317381389,509876012,-83.7795299332697,-151.457062989526
1317381389,609827041,-83.8907956807667,-152.080097681826
1317381389,719850063,-84.0010718680108,-152.760674792288
1317381389,819881916,-84.0916991517093,-153.378896456395
1317381389,920201063,-84.1680669409949,-153.985426258972
1317381390,29833078,-84.2381077762743,-154.654022393419
1317381390,129859924,-84.2933283767895,-155.255943007648
1317381390,229841947,-84.3436677727436,-155.860760927733
1317381390,339842081,-84.3893997647591,-156.523336239203
1317381390,439884901,-84.4150969777109,-157.119856570524
1317381390,549813032,-84.4358139140244,-157.772643725581
1317381390,649843931,-84.4560058536771,-158.361744953491
1317381390,749808073,-84.4749643817465,-158.952563077769
1317381390,859868049,-84.4885033326853,-159.602894789554
1317381390,959877967,-84.4897144793623,-160.200645407834
1317381391,59786081,-84.4885019001589,-160.798308524839
1317381391,169847011,-84.4841414522384,-161.459515407066
1317381391,269958019,-84.4816377907337,-162.059183985968
1317381391,379918098,-84.4784109294983,-162.717665790261
1317381391,479789018,-84.4768861665738,-163.314556519521
1317381391,579794883,-84.4733121159992,-163.914744442609
1317381391,689815044,-84.4653716807054,-164.578058539924
1317381391,789834976,-84.4538193231316,-165.189408853217
1317381391,890026092,-84.4400013444978,-165.806794912862
1317381391,999814033,-84.4215670081306,-166.488506145759
1317381392,99842071,-84.4030025870733,-167.109193074319
1317381392,209788084,-84.3779821478316,-167.789740932589
1317381392,309789896,-84.3470850530655,-168.409769023
1317381392,409843921,-84.3036933459544,-169.032463302118
1317381392,519785881,-84.250766985517,-169.724578780179
1317381392,619786977,-84.1927524032618,-170.362117166933
1317381392,719786882,-84.127475056069,-171.004520243162
1317381392,829768896,-84.0399676902105,-171.708321352678
1317381392,929919958,-83.9550475913514,-172.348272881122
1317381393,39777040,-83.8575921433354,-173.063720544187
1317381393,139775037,-83.7609171064664,-173.718796504552
1317381393,239770889,-83.6603109823064,-174.385828397906
1317381393,349927902,-83.5517993554815,-175.132206582974
1317381393,449799060,-83.4483498611984,-175.809118925028
1317381393,549756050,-83.3413769840523,-176.493478090708
1317381393,659851074,-83.2263739545849,-177.262117148665
1317381393,759768962,-83.1286196833259,-177.973196308928
1317381393,869976997,-83.0186111867015,-178.755165750817
1317381393,969777107,-82.9179842961844,-179.46893904344
1317381394,69763898,-82.8139854204331,-180.182915730708
1317381394,179723024,-82.6985298893098,-180.971789162041
1317381394,279714107,-82.5924626323236,-181.688726498225
1317381394,389951944,-82.4781947264445,-182.475915315435
1317381394,489749908,-82.3759796839624,-183.190698011501
1317381394,589734077,-82.2763934865905,-183.904871297271
1317381394,699750900,-82.1640274793731,-184.690302354943
1317381394,799731016,-82.0603917893299,-185.403956293822
1317381394,899872064,-81.9591292734272,-186.116774718105
1317381395,9727954,-81.8453190015437,-186.900400816931
1317381395,109709978,-81.7425288169108,-187.61416084985
1317381395,219791889,-81.6382970794887,-188.398415724974
1317381395,319709062,-81.5493383432727,-189.112056412041
1317381395,419945955,-81.468010820393,-189.824629576484
1317381395,529711008,-81.3842672423221,-190.612726369649
1317381395,629731893,-81.3138114388702,-191.328570899015
1317381395,729727983,-81.2554378577173,-192.044495026676
1317381395,839713096,-81.2073614399614,-192.833258115486
1317381395,939846992,-81.1648883819331,-193.546681152724
1317381396,49704074,-81.1196537998938,-194.332966415701
1317381396,149724960,-81.0873056997191,-195.049363234846
1317381396,249708890,-81.0543120907694,-195.774588230004
1317381396,359949111,-81.0162269125952,-196.570795679414
1317381396,459737062,-80.9802914711857,-197.29757124019
1317381396,559714078,-80.9488860554496,-198.027362444274
1317381396,669707059,-80.9212037264743,-198.833054339993
1317381396,769876003,-80.8945813967221,-199.567945797601
1317381396,879921913,-80.8658028676176,-200.379970345705
1317381396,979707956,-80.8338953279548,-201.122657745907
1317381397,79690933,-80.7963803689183,-201.867393352117
1317381397,189686059,-80.7469033166674,-202.691329513202
1317381397,289705038,-80.6987914604144,-203.439649755218
1317381397,389751911,-80.6440527728575,-204.193313947087
1317381397,499747991,-80.5774090825821,-205.025189211454
1317381397,599683046,-80.5105221788104,-205.78337764212
1317381397,709686994,-80.4359041684185,-206.619202469175
1317381397,809714078,-80.3648737462175,-207.382562622514
1317381397,909898996,-80.2888403277752,-208.144429645047
1317381398,19679069,-80.202770682924,-208.987262654799
1317381398,119674921,-80.1241701191283,-209.754248853708
1317381398,219727993,-80.0434406701237,-210.519254975633
1317381398,329677104,-79.9516708036948,-211.354557655599
1317381398,429759025,-79.866170950643,-212.110572050769
1317381398,539660930,-79.7636189174336,-212.941417715342
1317381398,639663934,-79.6636029810006,-213.69759586506
1317381398,739659070,-79.5611841542682,-214.44915847416
1317381398,849872112,-79.4483913954334,-215.271688833165
1317381398,949697971,-79.3418920961634,-216.017273912098
1317381399,49674987,-79.2281163221459,-216.765771543174
1317381399,159637928,-79.100319042775,-217.593409938112
1317381399,259670972,-78.9869411177236,-218.348735293519
1317381399,359803915,-78.8727257454502,-219.106825247915
1317381399,469667911,-78.7405371752593,-219.940868318918
1317381399,569664001,-78.6194153204357,-220.698874436807
1317381399,679646968,-78.485901840503,-221.528777998353
1317381399,779706001,-78.3638231723494,-222.283763337674
1317381399,879697084,-78.2347248107541,-223.038386967174
1317381399,989686965,-78.0897164681817,-223.866442694151
1317381400,89696884,-77.9547195019864,-224.617162385113
1317381400,189640998,-77.8161267386191,-225.37153117179
1317381400,299628019,-77.659836013125,-226.205242778553
1317381400,399828910,-77.515050627807,-226.966698236942
1317381400,509599924,-77.3530720510924,-227.804039342506
1317381400,609626054,-77.2017420102987,-228.567045588009
1317381400,709649085,-77.0492473914221,-229.333403573517
1317381400,819639921,-76.878200810296,-230.174858000237
1317381400,919995069,-76.7158517362068,-230.933116436085
1317381401,19617080,-76.5550394446734,-231.689063256723
1317381401,129609107,-76.3819174962823,-232.522859648464
1317381401,229620933,-76.2235316294983,-233.286021717024
1317381401,339668035,-76.0466338712799,-234.127955376434
1317381401,439631938,-75.8884491154741,-234.892815964436
1317381401,539612054,-75.7302570160237,-235.658375128737
1317381401,649616003,-75.5559166669349,-236.507929602082
1317381401,749608039,-75.3965246433473,-237.278729956925
1317381401,849761009,-75.2331559058393,-238.047549786608
1317381401,959666967,-75.0506093038517,-238.891960682432
1317381402,59613943,-74.8832108362737,-239.659405381565
1317381402,169584989,-74.6964357475591,-240.50162956495
1317381402,269720077,-74.5278232710177,-241.268544555185
1317381402,369713068,-74.3585396039174,-242.032845676742
1317381402,479615926,-74.165506314821,-242.87510880703
1317381402,579561948,-73.9882329674403,-243.639138054276
1317381402,679586887,-73.807741356835,-244.40143915443
1317381402,789525985,-73.6018689376123,-245.237479488806
1317381402,889799118,-73.4149620554304,-245.99877372853
1317381402,999576091,-73.2085176112705,-246.837584885436
1317381403,99581956,-73.0128692679603,-247.598055512106
1317381403,199563026,-72.8104094571408,-248.356692678381
1317381403,309581995,-72.5802879343049,-249.186772275768
1317381403,409626007,-72.3542278566716,-249.939054513031
1317381403,509522914,-72.1186946399734,-250.687738635091
1317381403,619605064,-71.8462125245859,-251.509102261579
1317381403,719567060,-71.5835234216253,-252.249263682132
1317381403,819557905,-71.311464574626,-252.984220861842
1317381403,929759025,-71.0029002670752,-253.790936973511
1317381404,29570102,-70.7144616464813,-254.521430681297
1317381404,139560937,-70.3928839200826,-255.327532588444
1317381404,239535093,-70.1031874376036,-256.059348859888
1317381404,339593887,-69.8236499345308,-256.794532344089
1317381404,449569940,-69.5295635628623,-257.607704657621
1317381404,549545049,-69.2720197592952,-258.353247954322
1317381404,659529924,-68.9913228168734,-259.174336438735
1317381404,759550094,-68.7498706181179,-259.92283124855
1317381404,859689950,-68.5212986053781,-260.67546733224
1317381404,969584941,-68.2733515149513,-261.503157646301
1317381405,69523096,-68.0515584564953,-262.263041266909
1317381405,179585933,-67.8166510198486,-263.100183962124
1317381405,279553890,-67.6065172501341,-263.863839134114
1317381405,379651069,-67.4009526185811,-264.632182535035
1317381405,489512920,-67.1796361528532,-265.478707023724
1317381405,589550971,-66.9822486266718,-266.249261048072
1317381405,689511060,-66.7861913884968,-267.019203765906
1317381405,799525022,-66.5747137936908,-267.869566479971
1317381405,899631977,-66.3832729762172,-268.645539472236
1317381406,9558916,-66.173175236709,-269.503597366081
1317381406,109509944,-65.9819147072508,-270.289237712868
1317381406,209481954,-65.7943593914152,-271.0770702099
1317381406,319515943,-65.5891031155119,-271.952122820909
1317381406,419673919,-65.3949542464775,-272.75104399442
1317381406,519531965,-65.1986416805105,-273.550308499154
1317381406,629542112,-64.9807148909967,-274.436712515897
1317381406,729515075,-64.7769104125992,-275.242714342691
1317381406,839495897,-64.54478635695,-276.134106834075
1317381406,939636945,-64.332159630323,-276.94139771769
1317381407,39505004,-64.120707211985,-277.753614291441
1317381407,149650096,-63.8871246323557,-278.650733804612
1317381407,249667882,-63.6679262218606,-279.46824990678
1317381407,349678993,-63.4380203477193,-280.287811096113
1317381407,459669113,-63.1716965882613,-281.189095260881
1317381407,559478998,-62.9217334377615,-282.013253947155
1317381407,659476041,-62.6589831040219,-282.8407407711
1317381407,769638061,-62.3644757911806,-283.753442361541
1317381407,869642019,-62.0917384337459,-284.577534798494
1317381407,979585886,-61.7806847334118,-285.478795900112
1317381408,79469919,-61.5029315177865,-286.290958340715
1317381408,179536104,-61.2171871655204,-287.104548999529
1317381408,289463996,-60.8964055486818,-288.000810694373
1317381408,389647960,-60.5967699139333,-288.817928207326
1317381408,489483118,-60.3077565365506,-289.647630980195
1317381408,599435091,-59.9729162448149,-290.560787536598
1317381408,699457883,-59.6641783084773,-291.392531053982
1317381408,809442043,-59.300086277478,-292.301218912372
1317381408,909485101,-58.9682311324542,-293.187529356272
1317381409,9453058,-58.6234952507329,-294.090809150248
1317381409,119461059,-58.2425093801676,-295.087205647087
1317381409,219463109,-57.8866935057977,-295.96810202156
1317381409,319452047,-57.5242010862168,-296.840063016104
1317381409,429481983,-57.1209175526774,-297.8025311883
1317381409,529444932,-56.7413151691135,-298.664386306291
1317381409,639399051,-56.311301153997,-299.612509799569
1317381409,739515066,-55.9092624383949,-300.465578717817
1317381409,839435100,-55.5042140368661,-301.321286324376
1317381409,949670076,-55.0510806623425,-302.243077703876
1317381410,49489021,-54.6321396731108,-303.085125847256
1317381410,149487972,-54.2156795875057,-303.920407271113
1317381410,259418964,-53.7524549969157,-304.83888375602
1317381410,359643936,-53.3242453725738,-305.663837645452
1317381410,469412088,-52.8497658461043,-306.569924694068
1317381410,569442987,-52.4146566520842,-307.38803771902
1317381410,669430017,-51.9722326321054,-308.199690953872
1317381410,779412984,-51.4748436350339,-309.08539267843
1317381410,879597902,-51.0240904358844,-309.885999198831
1317381410,979437112,-50.5638459845137,-310.683030875989
1317381411,89404106,-50.060301483103,-311.553995481829
1317381411,189389944,-49.5981301058192,-312.342456818171
1317381411,299441099,-49.0831818927793,-313.201881305946
1317381411,399385929,-48.6151396143988,-313.984266039915
1317381411,499394893,-48.1389341499114,-314.762988760269
1317381411,609390974,-47.6079163612987,-315.614471573607
1317381411,709393024,-47.1257036416498,-316.386881899788
1317381411,809400081,-46.6433531551198,-317.159208951419
1317381411,919775009,-46.1105272106369,-318.004391168764
1317381412,19435882,-45.6259828334173,-318.770581945677
1317381412,129416942,-45.0950276600843,-319.611172447088
1317381412,229351043,-44.6088216923615,-320.374464691886
1317381412,329358100,-44.1194732262953,-321.141177589583
1317381412,439542055,-43.5798983509018,-321.989873407351
1317381412,539401054,-43.0887555141073,-322.764368217695
1317381412,649418115,-42.5506704658493,-323.619471383579
1317381412,749423980,-42.0625083008025,-324.399173873078
1317381412,849526882,-41.5788052952167,-325.184434728221
1317381412,959429025,-41.0520648553586,-326.05668401673
1317381413,59381008,-40.5758722659598,-326.855231935787
1317381413,159394979,-40.1059232977586,-327.659675322587
1317381413,269510030,-39.5933775394208,-328.552871795832
1317381413,369533061,-39.1318336261071,-329.37135849542
1317381413,479361057,-38.6285776936606,-330.276599059808
1317381413,579401969,-38.1781261292641,-331.101578827476
1317381413,679380893,-37.7368203013671,-331.932674375704
1317381413,789371967,-37.2591540338941,-332.85563984893
1317381413,889483928,-36.8302385098997,-333.702480350533
1317381413,989347934,-36.4060853588949,-334.555213200918
1317381414,99344015,-35.9435418641753,-335.497958585844
1317381414,199362993,-35.528403269408,-336.361375546737
1317381414,309343099,-35.0727226255678,-337.315439385351
1317381414,409375905,-34.6576026213596,-338.186665529424
1317381414,509382963,-34.2496906050416,-339.061523956549
1317381414,619352102,-33.8047775390867,-340.029490158359
1317381414,719386100,-33.4025923147834,-340.914791113355
1317381414,819334030,-33.0026413509576,-341.802947728775
1317381414,929610967,-32.5694447124827,-342.785905522376
1317381415,29278993,-32.1769539691455,-343.681268035226
1317381415,139369010,-31.7491019324201,-344.66810213619
1317381415,239341974,-31.3634199288865,-345.566867258062
1317381415,339308977,-30.9792956513574,-346.46642636578
1317381415,449395895,-30.5621543271563,-347.456428058722
1317381415,549355030,-30.1881548566597,-348.357708170879
1317381415,649333000,-29.8174256758942,-349.260552098781
1317381415,759336948,-29.413808416879,-350.256851917037
1317381415,859487056,-29.0501055319475,-351.166405890321
1317381415,969325065,-28.65155101035,-352.165937986818
1317381416,69303035,-28.2895599682767,-353.072730799673
1317381416,169295072,-27.9317433388452,-353.97887857341
1317381416,279288053,-27.5383071070266,-354.977091638508
1317381416,379498958,-27.1831427556979,-355.886713603317
1317381416,479280948,-26.829114699468,-356.797846615041
1317381416,589271068,-26.4445882848248,-357.802839188268
1317381416,689301013,-26.0948804539895,-358.7166803497
1317381416,789280891,-25.7445345862606,-359.630249644616
1317381416,899485111,-25.3600289702914,-360.634282670649
1317381416,999275922,-25.0099446796511,-361.545355654908
1317381417,109294891,-24.6260389070094,-362.54792081328
1317381417,209264039,-24.2748728633847,-363.460668155251
1317381417,309284925,-23.9255973512129,-364.375144967194
1317381417,419492006,-23.5407060017927,-365.379315676619
1317381417,519272089,-23.1921307529968,-366.291368985752
1317381417,619237899,-22.8423404506798,-367.203346698359
1317381417,729279041,-22.4587145644064,-368.207441909376
1317381417,829282045,-22.1093556031687,-369.119437424105
1317381417,939265966,-21.726121648428,-370.119981159982
1317381418,39264917,-21.3781647937791,-371.027199817038
1317381418,139271974,-21.0299549966783,-371.931451475427
1317381418,249458074,-20.6499393219506,-372.92277993595
1317381418,349443912,-20.3058978505225,-373.820945188931
1317381418,449413061,-19.9585808178379,-374.712756299178
1317381418,559284925,-19.576886142101,-375.688733770296
1317381418,659264087,-19.2311278093735,-376.56749203489
1317381418,769417047,-18.8545120662517,-377.525486292299
1317381418,869338989,-18.5135191033039,-378.385250935949
1317381418,969278097,-18.1752090756656,-379.233857872631
1317381419,79257011,-17.8061273606363,-380.153584236441
1317381419,179220914,-17.4741637626126,-380.97642014944
1317381419,279220104,-17.1431695980465,-381.78572741163
1317381419,389457941,-16.7813855833904,-382.65819383908
1317381419,489268064,-16.4582769105452,-383.435567091046
1317381419,599215984,-16.1105405806694,-384.272451855839
1317381419,699297904,-15.8021948685472,-385.021094325838
1317381419,799177885,-15.5017599635256,-385.75440341191
1317381419,909432888,-15.1812663108813,-386.54820068814
1317381420,9198904,-14.8972554243018,-387.258332239877
1317381420,109210014,-14.6194903342484,-387.960131692582
1317381420,219223022,-14.3181837141497,-388.720411764343
1317381420,319190025,-14.0472358814793,-389.3993585398
1317381420,419503927,-13.7810489742429,-390.069252481419
1317381420,529230117,-13.495640981304,-390.794544379419
1317381420,629225015,-13.2456295263689,-391.445008747686
1317381420,739233970,-12.9826012127677,-392.150667119855
1317381420,839209079,-12.7475294306305,-392.788055492048
1317381420,939219951,-12.5181478682315,-393.425846421149
1317381421,49263000,-12.2713247405383,-394.134695648981
1317381421,149202108,-12.0517744417528,-394.786423451332
1317381421,259246110,-11.8138934096619,-395.512430705691
1317381421,359352111,-11.6059330825693,-396.177340246398
1317381421,459201097,-11.4043753272771,-396.848751871167
1317381421,569149971,-11.1890980203411,-397.592374145358
1317381421,669219017,-10.9992539964156,-398.274570509925
1317381421,769331932,-10.8182474844045,-398.960691611474
1317381421,879275083,-10.627289717399,-399.723261377764
1317381421,979231119,-10.4569058668147,-400.423186977895
1317381422,89178085,-10.2708785191688,-401.201964804677
1317381422,189167976,-10.1043389106663,-401.920126522774
1317381422,289184093,-9.93321994164182,-402.645282837315
1317381422,399209976,-9.74541919981011,-403.450130228827
1317381422,499155998,-9.57890178993218,-404.184507569269
1317381422,599179983,-9.41504532988152,-404.924689519344
1317381422,709183931,-9.2376739142282,-405.744649485084
1317381422,809202909,-9.08293979147108,-406.497300770653
1317381422,919442892,-8.91925415866872,-407.330232490376
1317381423,19193887,-8.77901541901678,-408.087371812867
1317381423,119148015,-8.64306393075614,-408.838843768665
1317381423,229168891,-8.49521647841299,-409.660230217789
1317381423,329149961,-8.36508707416029,-410.40419421331
1317381423,429181098,-8.23829922851142,-411.144042526613
1317381423,539236068,-8.106252455995,-411.951385848026
1317381423,639127016,-7.99432489470595,-412.680398733014
1317381423,749195098,-7.8834694058716,-413.475167353473
1317381423,849255084,-7.78795049893984,-414.191314195933
1317381423,949218034,-7.70161934487956,-414.897874499406
1317381424,59135913,-7.6183919070414,-415.663503866501
1317381424,159157037,-7.54941312137142,-416.352791672615
1317381424,259253025,-7.48276203613227,-417.038500508355
1317381424,369369983,-7.41764535466336,-417.794871279992
1317381424,469151020,-7.37209250757121,-418.482604140778
1317381424,579159021,-7.34156920984691,-419.235509819415
1317381424,679135084,-7.32988658140001,-419.920555435244
1317381424,779062986,-7.33499420238677,-420.610152891679
1317381424,889327049,-7.35900647098084,-421.375839835394
1317381424,989156007,-7.39820406646274,-422.079140139148
1317381425,99176883,-7.45648641015342,-422.858216095235
1317381425,199105978,-7.52234584694757,-423.57292055464
1317381425,299108982,-7.59805917199765,-424.291304715831
1317381425,409172058,-7.69645797707023,-425.081662467875
1317381425,509114980,-7.79414216309089,-425.802374024936
1317381425,609113931,-7.89485519687671,-426.527902604141
1317381425,719110965,-8.01059060497433,-427.330013953488
1317381425,819154977,-8.12412693394408,-428.060687179627
1317381425,929310083,-8.25583535229305,-428.860553472012
1317381426,29102087,-8.36920449408323,-429.582012762069
1317381426,129091978,-8.4871501806823,-430.303484508008
1317381426,239114999,-8.63141320175927,-431.101045833547
1317381426,339123964,-8.76142067352585,-431.837066395823
1317381426,439135074,-8.8928231552825,-432.581120122394
1317381426,549212932,-9.04470997069597,-433.394489039266
1317381426,649173974,-9.18014770647937,-434.12274191889
1317381426,759083986,-9.32353319492318,-434.916445359731
1317381426,859142065,-9.45758236377915,-435.635005598062
1317381426,959183931,-9.58995001545162,-436.356502315555
1317381427,69083929,-9.72283962564343,-437.149774784899
1317381427,169104099,-9.84106254026747,-437.859282409851
1317381427,269227981,-9.96127017501767,-438.555898859183
1317381427,379199981,-10.0916080363098,-439.309505422443
1317381427,479087114,-10.2044125321363,-439.989550645345
1317381427,589096069,-10.3230127687049,-440.732629398608
1317381427,689105033,-10.4257465593854,-441.400398747943
1317381427,789067983,-10.5252725138538,-442.057771882749
1317381427,899117946,-10.6285970993091,-442.770502182081
1317381427,999073028,-10.7217922813883,-443.408863017011
1317381428,99100112,-10.8141345961753,-444.041838269653
1317381428,209067106,-10.9179777008264,-444.732973023594
1317381428,309109926,-11.0218538065875,-445.353968316175
1317381428,419265031,-11.1488952748029,-446.024789911357
1317381428,519072055,-11.2736658885587,-446.616132446392
1317381428,619085073,-11.3989043302323,-447.183379473546
1317381428,729041099,-11.5448009074776,-447.785231881067
1317381428,829041004,-11.6783058159101,-448.309672135768
1317381428,939184904,-11.8318731079169,-448.863264392626
1317381429,39030075,-11.969349382231,-449.343459747952
1317381429,139027118,-12.1122432976879,-449.799103931736
1317381429,249099016,-12.2719007594234,-450.268559407733
1317381429,349262952,-12.4191416306909,-450.666340888099
1317381429,449181079,-12.5621655420947,-451.041358003853
1317381429,559037923,-12.7110489292961,-451.428348950893
1317381429,659065008,-12.8471045672177,-451.763709085516
1317381429,769170045,-12.9986710409708,-452.112035425976
1317381429,869116067,-13.133608850676,-452.410676180805
1317381429,969034910,-13.2693117290752,-452.691548061916
1317381430,79057931,-13.4106377591512,-452.982077828107
1317381430,179008007,-13.526030394188,-453.23324207152
1317381430,279005050,-13.6281739889693,-453.469244285568
1317381430,389218091,-13.7338577097362,-453.70965796353
1317381430,489005088,-13.8234558791457,-453.908057971216
1317381430,598998069,-13.9158604647478,-454.101988178212
1317381430,699048995,-13.9916616621783,-454.256836079418
1317381430,799057006,-14.0600044896673,-454.396311987382
1317381430,909136056,-14.1240905234042,-454.54598961528
1317381431,9001970,-14.1798683179419,-454.680814816222
1317381431,108989000,-14.2361764383771,-454.815566763025
1317381431,219062089,-14.3072157683066,-454.961541526552
1317381431,318988084,-14.3695702949412,-455.091302215645
1317381431,419187068,-14.4250958905129,-455.222303426617
1317381431,529022932,-14.4792496919239,-455.367636275786
1317381431,628982067,-14.5269820034747,-455.499670160808
1317381431,738977909,-14.5826961590497,-455.648273812144
1317381431,838984966,-14.639504444824,-455.79210240281
1317381431,939100027,-14.7008625432069,-455.948216542552
1317381432,49007892,-14.7705741326057,-456.140193841413
1317381432,149130105,-14.8354024976907,-456.330271670712
1317381432,248965978,-14.904759665053,-456.530008163913
1317381432,359142065,-14.9926973159988,-456.758878957961
1317381432,459018945,-15.0797822589496,-456.974863926371
1317381432,568964958,-15.1715921628778,-457.223142003926
1317381432,668941974,-15.2556192468073,-457.456702359011
1317381432,769159078,-15.33834654033,-457.696804097848
1317381432,879017114,-15.4236839208132,-457.970144559946
1317381432,978996992,-15.5003761800564,-458.227088705607
1317381433,78936100,-15.5749532169658,-458.495619485358
1317381433,188971042,-15.6509946879367,-458.807317289459
1317381433,288961887,-15.7133876358183,-459.104591944535
1317381433,389060020,-15.7682960223252,-459.413874051494
1317381433,499012947,-15.8327767315741,-459.764716837421
1317381433,598977088,-15.8880982892651,-460.097709369364
1317381433,708992958,-15.9406070542644,-460.479644263367
1317381433,808936119,-15.9795142330088,-460.842376384131
1317381433,909056901,-16.0087640448767,-461.220299368227
1317381434,18945932,-16.0315686450164,-461.654265295116
1317381434,118964910,-16.031146045351,-462.065547794191
1317381434,218983888,-15.9990312108035,-462.491526306099
1317381434,328927993,-15.9480993217468,-462.982221287967
1317381434,428976058,-15.9015790806501,-463.446707322064
1317381434,539005041,-15.8360957365273,-463.97728817311
1317381434,638941049,-15.7732297223499,-464.477193504588
1317381434,738922119,-15.6978502984792,-464.993585663374
1317381434,848989963,-15.6248690831533,-465.579458999899
1317381434,949006080,-15.5692704261345,-466.122802661649
1317381435,48957109,-15.4949193639524,-466.682775761211
1317381435,158905029,-15.3968057888833,-467.313735074287
1317381435,258928060,-15.2881799459691,-467.90212252016
1317381435,369014024,-15.1560375074782,-468.565146276073
1317381435,468903064,-15.032349944306,-469.192285833526
1317381435,568969011,-14.9024504484418,-469.836100140327
1317381435,678885936,-14.7478053285208,-470.560910010688
1317381435,778956890,-14.5931565353206,-471.23067610484
1317381435,878959894,-14.4326089595399,-471.91439042569
1317381435,988898992,-14.2395929454898,-472.678618039034
1317381436,88893890,-14.0613868968901,-473.388855700627
1317381436,198870897,-13.8527492326919,-474.182656249828
1317381436,298892021,-13.6615283810535,-474.919653822938
1317381436,399012088,-13.4615162996089,-475.669131435434
1317381436,508882999,-13.2356257527512,-476.507716491494
1317381436,608885049,-13.0217887395251,-477.282276755213
1317381436,708879947,-12.8037117645737,-478.066135651562
1317381436,818897008,-12.5603175568653,-478.939334222429
1317381436,919248104,-12.3338171364032,-479.741723924332
1317381437,28877019,-12.0794863547503,-480.63463303845
1317381437,128876924,-11.8411325531152,-481.456016556757
1317381437,228852033,-11.5998013658882,-482.289111287924
1317381437,338903903,-11.3267613025579,-483.216091085995
1317381437,438898086,-11.0742976294356,-484.069428061965
1317381437,538894891,-10.8180648893127,-484.934399435237
1317381437,648987054,-10.5353535088369,-485.897890888725
1317381437,749013900,-10.2761608189041,-486.785267379424
1317381437,859044075,-9.98966024376975,-487.772266537546
1317381437,958901882,-9.7235993676993,-488.679176451072
1317381438,58923959,-9.45326029084429,-489.595995853506
1317381438,168842077,-9.15151682644349,-490.617512791147
1317381438,269000053,-8.87208405173102,-491.556361023782
1317381438,369113922,-8.59032707074549,-492.504197066189
1317381438,478852987,-8.27518862968354,-493.557926302131
1317381438,578826904,-7.98572684561229,-494.526243944677
1317381438,688849925,-7.66597380631296,-495.593750530057
1317381438,788830041,-7.36064702035675,-496.555681767829
1317381438,888937950,-7.0564513997531,-497.531468944841
1317381438,998853921,-6.72273488537986,-498.611323769921
1317381439,98843097,-6.41960422059663,-499.604083839629
1317381439,208806991,-6.09149490448842,-500.702237914797
1317381439,308864116,-5.80211047673353,-501.707074916384
1317381439,408883094,-5.52126879304725,-502.712366026162
1317381439,518840074,-5.23038511769356,-503.82571921749
1317381439,618880033,-4.9835154298342,-504.849536906518
1317381439,718785047,-4.75298667995229,-505.875725208265
1317381439,828838109,-4.52235197533786,-507.016936458481
1317381439,928848028,-4.33062834525963,-508.05672086447
1317381440,38841009,-4.13908964355332,-509.213236098014
1317381440,138793945,-3.97581774498086,-510.269156776446
1317381440,238837003,-3.84233972341807,-511.332565576188
1317381440,349026918,-3.72178819356172,-512.504213364821
1317381440,449043035,-3.63972091172148,-513.573229744726
1317381440,558783054,-3.58100781765413,-514.751346234635
1317381440,658809900,-3.56236488262486,-515.821715815601
1317381440,758877038,-3.57576389060856,-516.892078946255
1317381440,868860960,-3.6311302974362,-518.068342524809
1317381440,968839883,-3.71403785177758,-519.138759555792
1317381441,78784942,-3.84489070957178,-520.312833343658
1317381441,178844928,-3.99388762923462,-521.378555379151
1317381441,278784036,-4.17194668861736,-522.440802782073
1317381441,389023065,-4.40306826075523,-523.613008978244
1317381441,488801002,-4.63849353341788,-524.676421227001
1317381441,588788032,-4.89365284579628,-525.734878965308
1317381441,698774099,-5.20212946454546,-526.895692161921
1317381441,798814058,-5.50710050775463,-527.947277231691
1317381441,899007081,-5.83274631140019,-528.992894822254
1317381442,8793115,-6.20882874808456,-530.148514627876
1317381442,108788013,-6.55685174315698,-531.196837165353
1317381442,218792915,-6.94427302351038,-532.350585913121
1317381442,318789958,-7.30002532192511,-533.397418243862
1317381442,418946027,-7.66311236090716,-534.449853924421
1317381442,528790950,-8.06948133621674,-535.610047352012
1317381442,628782033,-8.44763666849472,-536.673609913096
1317381442,728751897,-8.83224711080276,-537.742515987395
1317381442,838737964,-9.26145793018813,-538.928501160473
1317381442,938792943,-9.65777413579369,-540.013515916125
1317381443,38775920,-10.0560469050681,-541.104466779839
1317381443,148948907,-10.4997207214304,-542.31051967991
1317381443,248852968,-10.9077220528743,-543.413167646696
1317381443,358974933,-11.3606194905006,-544.634957621526
1317381443,458853006,-11.7742200550619,-545.752223597424
1317381443,558744907,-12.1890516272298,-546.877059528271
1317381443,668766975,-12.6467222385031,-548.121936554459
1317381443,768887996,-13.067763298713,-549.261822780965
1317381443,868778944,-13.4928423967506,-550.407928560693
1317381443,978782892,-13.9701385272576,-551.67271535083
1317381444,78744888,-14.4095906993784,-552.828733547665
1317381444,188728094,-14.8976932814098,-554.108527220118
1317381444,288749933,-15.3479677577218,-555.276954023379
1317381444,388828992,-15.8043434255406,-556.450785350606
1317381444,498753070,-16.3282291633034,-557.765483724114
1317381444,598709106,-16.8100578914043,-558.965973360006
1317381444,698710918,-17.3006486772256,-560.174304255084
1317381444,808705091,-17.8423546801124,-561.502567270967
1317381444,908942937,-18.3462644701399,-562.718600727915
1317381445,8727073,-18.8524833050572,-563.936124875611
1317381445,118722915,-19.4162005286441,-565.281403695757
1317381445,218719959,-19.9332039336195,-566.506353985391
1317381445,328712940,-20.5104765602347,-567.860358592546
1317381445,428754091,-21.0424553953612,-569.094819860085
1317381445,528717994,-21.5813240239632,-570.333969817911
1317381445,638712882,-22.1843890749472,-571.702641341351
1317381445,738759994,-22.7393175684531,-572.950910849694
1317381445,838694095,-23.3028845359338,-574.204798189196
1317381445,948800086,-23.9268630021317,-575.589162291774
1317381446,48713922,-24.501286010185,-576.853445776451
1317381446,158669948,-25.1364142385978,-578.250582094088
1317381446,258706092,-25.7207973400783,-579.526288611693
1317381446,358850002,-26.3096545960509,-580.807520672156
1317381446,468682050,-26.9629217954439,-582.221857951602
1317381446,568682909,-27.5595693588281,-583.513454208355
1317381446,668673038,-28.1590476264054,-584.81045510655
1317381446,778666973,-28.8224488796144,-586.243643668801
1317381446,878753900,-29.4338298172622,-587.557497051898
1317381446,988693952,-30.1043726877332,-588.997804839807
1317381447,88666915,-30.714331965234,-590.306838110421
1317381447,188653945,-31.3246690948058,-591.617591634578
1317381447,298718929,-31.9968639797348,-593.063488804114
1317381447,398674964,-32.6044216309155,-594.383658686998
1317381447,498682022,-33.2124151889836,-595.709362580143
1317381447,608695030,-33.8812416968874,-597.169081378707
1317381447,708686113,-34.491365284562,-598.494839872669
1317381447,808655023,-35.1023397758276,-599.821774344614
1317381447,919049024,-35.7744876627482,-601.282874801375
1317381448,18726110,-36.3837222837023,-602.610504118316
1317381448,128660917,-37.0480446365379,-604.072766777267
1317381448,228667020,-37.6510338379155,-605.401464220336
1317381448,328650951,-38.2527874521205,-606.730643844574
1317381448,438678979,-38.9164797698515,-608.192106020985
1317381448,538657903,-39.5183658315145,-609.519787220854
1317381448,638643980,-40.1169425377416,-610.846897108322
1317381448,748733997,-40.7740252764515,-612.301356959296
1317381448,848756074,-41.373717797056,-613.621786674849
1317381448,958659887,-42.0379852500779,-615.072192465799
1317381449,58650970,-42.6431563596429,-616.387459736864
1317381449,158632040,-43.2493839834715,-617.702470750621
1317381449,268798112,-43.9120270572348,-619.151113956832
1317381449,368731975,-44.5091092517361,-620.470110878039
1317381449,468667030,-45.1053054886587,-621.787631392626
1317381449,578686952,-45.756882531892,-623.237342413501
1317381449,678647994,-46.351268532588,-624.557109006213
1317381449,788647890,-47.0013023588142,-626.009306910729
1317381449,888787031,-47.5974932059915,-627.327368227224
1317381449,988625049,-48.1872703743929,-628.644530593263
1317381450,98637104,-48.8371637191078,-630.092902344708
1317381450,198600053,-49.4266348593587,-631.408104049072
1317381450,298656940,-50.0160172024848,-632.722049552095
1317381450,408668041,-50.6677656161503,-634.162581008843
1317381450,508620023,-51.2540159647307,-635.467958665006
1317381450,608609914,-51.8359852166534,-636.766739952241
1317381450,718585968,-52.465924398294,-638.191059049642
1317381450,818588972,-53.0372707762811,-639.476971457345
1317381450,928702116,-53.6590170608336,-640.88307594581
1317381451,28637886,-54.2236550421347,-642.148807467381
1317381451,128592967,-54.7834642251898,-643.411677328689
1317381451,238579988,-55.3960246134371,-644.794111164324
1317381451,338603973,-55.9484503657337,-646.043794744196
1317381451,438600063,-56.4973886794926,-647.285550139521
1317381451,548597097,-57.0976422890239,-648.63614086246
1317381451,648600101,-57.6367514138063,-649.849758663543
1317381451,748574972,-58.166734217969,-651.04233253728
1317381451,858853101,-58.739948650193,-652.335321469745
1317381451,958621978,-59.2517779843803,-653.482505842957
1317381452,68567991,-59.8075877844448,-654.718480656278
1317381452,168569087,-60.3049380784936,-655.815752053599
1317381452,268728017,-60.7900708578929,-656.893457061506
1317381452,378720045,-61.3126141551132,-658.049087150463
1317381452,478590965,-61.7732625741151,-659.069075108586
1317381452,578619956,-62.2191707285344,-660.063210664225
1317381452,688581943,-62.6925363709944,-661.122663100757
1317381452,788543939,-63.1106910222932,-662.055132358527
1317381452,898756980,-63.5536811727183,-663.042124827679
1317381452,998564958,-63.9313598614422,-663.91160676745
1317381453,98536968,-64.2937387449346,-664.743441127195
1317381453,208559036,-64.6758086288158,-665.618154039303
1317381453,308537006,-65.010363649452,-666.378238468959
1317381453,408575057,-65.3296091381056,-667.098138380127
1317381453,518536090,-65.6612603679348,-667.850873077356
1317381453,618551969,-65.9478069591493,-668.501957762602
1317381453,728516101,-66.2558334167822,-669.180931832699
1317381453,828530073,-66.5271578370373,-669.763504546163
1317381453,928606986,-66.8040547563277,-670.3136776626
1317381454,38532972,-67.1184627602251,-670.892475481521
1317381454,138550996,-67.4130975669348,-671.407044879616
1317381454,248543977,-67.7478045262779,-671.954756104187
1317381454,348721027,-68.0710325130545,-672.432312373312
1317381454,448530912,-68.4092697222241,-672.888460432427
1317381454,558514118,-68.8006570108482,-673.366595166877
1317381454,658521890,-69.1688820333581,-673.77461201661
1317381454,768681049,-69.597266282368,-674.1875242838
1317381454,868621110,-69.9988604758141,-674.533595596928
1317381454,978620052,-70.4645001107735,-674.866601932809
1317381455,78511953,-70.8947430260538,-675.134290388131
1317381455,178508043,-71.3426667242161,-675.368440693759
1317381455,288501024,-71.8468116776015,-675.600256346253
1317381455,388714075,-72.3190642129801,-675.782791547917
1317381455,498502016,-72.8515803210432,-675.946575038027
1317381455,598500967,-73.3497600633371,-676.056998360002
1317381455,698549985,-73.858681863231,-676.135061266229
1317381455,808531999,-74.4294436443338,-676.188967832413
1317381455,908694982,-74.9589415429756,-676.209339141199
1317381456,18513917,-75.5481644112399,-676.192582755716
1317381456,118463039,-76.0906927681832,-676.140013346624
1317381456,218476057,-76.6415304260408,-676.061234267756
1317381456,328464984,-77.2473612811656,-675.928029610467
1317381456,428513050,-77.7978640753234,-675.762187664239
1317381456,538573980,-78.3997219066046,-675.543503553747
1317381456,638482093,-78.9393718129937,-675.295708792483
1317381456,738524913,-79.4721622694002,-675.000188379875
1317381456,848541021,-80.0451295067605,-674.631902919238
1317381456,948577880,-80.5554913434759,-674.252312458277
1317381457,48471927,-81.0527661635503,-673.83539201624
1317381457,158497095,-81.5834263162399,-673.334809876591
1317381457,258524894,-82.0550008431409,-672.85228209131
1317381457,358656883,-82.5114032461232,-672.341517910864
1317381457,468497037,-83.0006393036394,-671.747363557685
1317381457,568454027,-83.4289183792582,-671.182092631271
1317381457,668467044,-83.856359393429,-670.598246329919
1317381457,778455018,-84.3174414310261,-669.941112181438
1317381457,878516912,-84.7272336992286,-669.326770639484
1317381457,988444089,-85.1763677035688,-668.622439079932
1317381458,88450908,-85.5831564817854,-667.970013306321
1317381458,188472986,-85.9802743971593,-667.310533024171
1317381458,298446893,-86.40102922227,-666.565643748563
1317381458,398659944,-86.7707073896899,-665.868975867949
1317381458,498431921,-87.1270524302256,-665.158966578095
1317381458,608442068,-87.5059347266769,-664.370028239378
1317381458,708429098,-87.8250431123961,-663.636008220416
1317381458,818490028,-88.1574263646848,-662.818988564328
1317381458,918627023,-88.4397371806247,-662.062179080999
1317381459,18446922,-88.712324550788,-661.288908340009
1317381459,128398895,-88.9900190136514,-660.430030220422
1317381459,228414058,-89.2205488152156,-659.639525940851
1317381459,328438043,-89.4445253532327,-658.842928023918
1317381459,438468933,-89.6858351847478,-657.946325155986
1317381459,538466930,-89.9053436413901,-657.123824720612
1317381459,638458967,-90.1287879114418,-656.295256811437
1317381459,748419046,-90.375351159841,-655.376519538001
1317381459,848660945,-90.5953589051955,-654.534985176409
1317381459,958422899,-90.8389021040466,-653.597318960912
1317381460,58413982,-91.0620119239299,-652.738960196258
1317381460,158473014,-91.2954373183502,-651.868691698638
1317381460,268539905,-91.5561497594069,-650.908368613305
1317381460,368577003,-91.8085795906839,-650.029294643233
1317381460,468467950,-92.067478178977,-649.146352032837
1317381460,578377962,-92.3478495904042,-648.165131496724
1317381460,678388118,-92.6082146578458,-647.25938650616
1317381460,788408041,-92.8988559388431,-646.25415657175
1317381460,888633966,-93.1643643037761,-645.327015714395
1317381460,988389015,-93.4309913648816,-644.394142141226
1317381461,98438024,-93.7299706528997,-643.362033333065
1317381461,198385000,-93.9988086860894,-642.419448968432
1317381461,298396110,-94.2718386558063,-641.480432435224
1317381461,408418893,-94.5763740127418,-640.450293789104
1317381461,508385896,-94.8569424366204,-639.516884832073
1317381461,608359098,-95.1477134877113,-638.583054831769
1317381461,718383073,-95.4686586913889,-637.557441433727
1317381461,818383932,-95.7626891995903,-636.635886208239
1317381461,928442955,-96.0922305780677,-635.625567680996
1317381462,28379917,-96.3944407515228,-634.71364697831
1317381462,128379106,-96.6857378197003,-633.808047353569
1317381462,238375902,-97.0095956976158,-632.818832446872
1317381462,338365077,-97.3045739828048,-631.934935054675
1317381462,438410997,-97.6074936547537,-631.051405709372
1317381462,548343896,-97.9360260672466,-630.083121087272
1317381462,648353099,-98.2298520045654,-629.206663171578
1317381462,758349895,-98.5486524589037,-628.250742613478
1317381462,858654022,-98.8363108627167,-627.393924363067
1317381462,958395004,-99.1240806357373,-626.548939807933
1317381463,68336009,-99.4379368488781,-625.630196487927
1317381463,168366909,-99.7282110084869,-624.801313379419
1317381463,268481969,-100.014212630948,-623.986248607063
1317381463,378499031,-100.323389022751,-623.102717257258
1317381463,478327035,-100.606817396104,-622.315881646525
1317381463,588347911,-100.913173890411,-621.46933739187
1317381463,688338041,-101.189449105408,-620.713404701166
1317381463,788324117,-101.461894035265,-619.978568290195
1317381463,898600101,-101.756771133997,-619.194258265641
1317381463,998311042,-102.016314243312,-618.503000666015
1317381464,98380088,-102.264567041446,-617.831349779105
1317381464,208333969,-102.527495838268,-617.11942785299
1317381464,308332920,-102.763025463738,-616.496605546448
1317381464,418535947,-103.017156798882,-615.841632670771
1317381464,518296957,-103.235412477499,-615.272244798652
1317381464,618304967,-103.44859257154,-614.730138797521
1317381464,728319883,-103.667872418483,-614.164667213058
1317381464,828280925,-103.851551736485,-613.683506929841
1317381464,928509950,-104.027069767701,-613.231268710193
1317381465,38342952,-104.206576017147,-612.766057131803
1317381465,138315916,-104.362501279426,-612.374238830016
1317381465,248271942,-104.517634688221,-611.970927050401
1317381465,348476886,-104.637007429958,-611.631874437576
1317381465,448335886,-104.748825106981,-611.317307476814
1317381465,558291912,-104.865794061843,-611.003028744633
1317381465,658425092,-104.965810649595,-610.742231871796
1317381465,758301973,-105.049626312138,-610.502868043158
1317381465,868370056,-105.13857246904,-610.259609190268
1317381465,968326091,-105.217658627472,-610.059749797718
1317381466,68279981,-105.292982511723,-609.86182361265
1317381466,178263902,-105.374139925187,-609.651378731106
1317381466,278278112,-105.448218208435,-609.464263807978
1317381466,388513088,-105.527093399763,-609.258405631396
1317381466,488286018,-105.600780609706,-609.072260819494
1317381466,588255882,-105.674315820368,-608.890328984556
1317381466,698261976,-105.752489276621,-608.689838699257
1317381466,798255920,-105.825477017684,-608.506727347008
1317381466,898504018,-105.898583615859,-608.325752040729
1317381467,8269071,-105.977567059841,-608.124043830586
1317381467,108257055,-106.045262112764,-607.946335660358
1317381467,218333005,-106.118619665535,-607.754428635473
1317381467,318274021,-106.18315323214,-607.588348984219
1317381467,418426036,-106.250019521844,-607.425594359531
1317381467,528247117,-106.322787038673,-607.246797626168
1317381467,628283023,-106.384468709327,-607.087639110578
1317381467,728264093,-106.443545861982,-606.932767604299
1317381467,838269948,-106.505275444245,-606.77062171912
1317381467,938369035,-106.562519271752,-606.632631621757
1317381468,48283100,-106.624058652391,-606.48862091827
1317381468,148232936,-106.6765889011,-606.35983918508
1317381468,248223066,-106.725463979802,-606.232444818752
1317381468,358412027,-106.77941917322,-606.091376730322
1317381468,458282947,-106.832327768956,-605.9680225598
1317381468,558238983,-106.886589043411,-605.83933623531
1317381468,668241977,-106.946920321037,-605.70094212898
1317381468,768378973,-106.999114126257,-605.581061830629
1317381468,868488073,-107.04862535918,-605.464672770444
1317381468,978229999,-107.102582262714,-605.337066101652
1317381469,78252077,-107.152336533032,-605.220690401018
1317381469,188254117,-107.208523801494,-605.089326531789
1317381469,288276910,-107.259851760659,-604.963803695964
1317381469,388297080,-107.314639849609,-604.828815996996
1317381469,498260974,-107.378343638845,-604.67008531421
1317381469,598212003,-107.443495658262,-604.509464508843
1317381469,698235034,-107.518069225852,-604.326572139213
1317381469,808206081,-107.612997779707,-604.098313927166
1317381469,908410072,-107.709453706067,-603.865704358433
1317381470,18220901,-107.824711768269,-603.580774191711
1317381470,118197917,-107.939854663113,-603.294751008327
1317381470,218265056,-108.068892074209,-602.986906916695
1317381470,328218936,-108.224866800478,-602.623353520551
1317381470,428256988,-108.375983344104,-602.274258706885
1317381470,528193950,-108.537729991717,-601.896967243247
1317381470,638186931,-108.728606919852,-601.467234057378
1317381470,738198041,-108.918513781241,-601.057842569278
1317381470,838212013,-109.119809581958,-600.633249497712
1317381470,948199033,-109.359602284988,-600.146524068215
1317381471,48201084,-109.589445702424,-599.682667811497
1317381471,158214092,-109.853615526398,-599.153696502366
1317381471,258153915,-110.109305459431,-598.662928540356
1317381471,358252048,-110.385469465935,-598.161276286862
1317381471,468194007,-110.702822882413,-597.590866670405
1317381471,568157911,-111.000340133269,-597.061293971971
1317381471,678162097,-111.345781431964,-596.459474676373
1317381471,778237104,-111.668352996028,-595.898003568408
1317381471,878340005,-111.998335853484,-595.319480834392
1317381471,988154888,-112.374445259906,-594.667902930405
1317381472,88171958,-112.731341600067,-594.061408540475
1317381472,188172101,-113.09601108644,-593.443837484861
1317381472,298161029,-113.513291441059,-592.75049731179
1317381472,398355960,-113.895557194806,-592.101859132664
1317381472,508188009,-114.327448872951,-591.372087728447
1317381472,608144998,-114.735771458615,-590.699701331065
1317381472,708148956,-115.153084016327,-590.017863760802
1317381472,818146944,-115.620412158128,-589.252426275806
1317381472,918466091,-116.053227056463,-588.542880337345
1317381473,18174886,-116.501078960566,-587.822338107534
1317381473,128118038,-116.997098612885,-587.01563308683
1317381473,228130102,-117.460127606735,-586.27743171146
1317381473,328140020,-117.92718150705,-585.530503574489
1317381473,438158988,-118.449547201444,-584.708044668312
1317381473,538150072,-118.928754425017,-583.960543635387
1317381473,648164033,-119.459001159193,-583.141311895738
1317381473,748121976,-119.937823936164,-582.396008359216
1317381473,848247051,-120.418978267755,-581.654075826076
1317381473,958156108,-120.956183840116,-580.839377459703
1317381474,58182001,-121.439087156805,-580.095905483765
1317381474,158118963,-121.919114649257,-579.351839350496
1317381474,268249988,-122.444861265333,-578.530683080979
1317381474,368324995,-122.929544905293,-577.778088904398
1317381474,478270053,-123.465414841554,-576.947777592034
1317381474,578099966,-123.954643272317,-576.189638732821
1317381474,678096055,-124.439955704873,-575.428294747063
1317381474,788100004,-124.974635511799,-574.585992427766
1317381474,888181924,-125.458087299183,-573.81566996575
1317381474,988116025,-125.94275405032,-573.041896007815
1317381475,98084926,-126.47731681744,-572.186900870237
1317381475,198153972,-126.958828829407,-571.407561632586
1317381475,308106899,-127.488873529272,-570.545252147212
1317381475,408143997,-127.970617284874,-569.757724750071
1317381475,508115053,-128.452993665789,-568.96937285732
1317381475,618145942,-128.985214084187,-568.095955079347
1317381475,718066930,-129.472014960486,-567.299926241035
1317381475,818133115,-129.960244505472,-566.502816630347
1317381475,928316116,-130.499526134475,-565.621141108399
1317381476,28109073,-130.991103542132,-564.818508856405
1317381476,138066053,-131.53360039799,-563.933226753439
1317381476,238080978,-132.028902274769,-563.129380133214
1317381476,338171005,-132.523223094724,-562.327558005607
1317381476,448118925,-133.06720981941,-561.449378493837
1317381476,548124074,-133.566286210372,-560.654861352909
1317381476,648083925,-134.065835979019,-559.864575888089
1317381476,758121013,-134.615281944783,-558.995317279608
1317381476,858141899,-135.112840763351,-558.207053855445
1317381476,958106040,-135.611495491141,-557.423086567658
1317381477,68075895,-136.160903245511,-556.565612220392
1317381477,168100118,-136.657158165529,-555.790756104525
1317381477,278090000,-137.201786869867,-554.943475702725
1317381477,378226995,-137.698265618252,-554.180150022323
1317381477,478081941,-138.193980443888,-553.420650675199
1317381477,588082075,-138.738535648188,-552.58969013705
1317381477,688090085,-139.234648343173,-551.835891878617
1317381477,788048982,-139.729057205244,-551.087941777663
1317381477,898168087,-140.271013968159,-550.274176474086
1317381477,998040914,-140.760048535816,-549.53470587179
1317381478,108048915,-141.291350638666,-548.721604633147
1317381478,208034992,-141.767405959911,-547.983492669637
1317381478,308059930,-142.235465552454,-547.249914305109
1317381478,418200969,-142.746030787244,-546.455100203355
1317381478,518042087,-143.203883476693,-545.739133997792
1317381478,618088960,-143.656340387465,-545.032997141205
1317381478,728048086,-144.147627899214,-544.269532041421
1317381478,828038930,-144.580944181827,-543.590299764567
1317381478,938087940,-145.043712778259,-542.864621311681
1317381479,38048028,-145.452896034039,-542.219110101247
1317381479,138015031,-145.847108061894,-541.587383939752
1317381479,248024940,-146.262116669391,-540.910688919856
1317381479,348160028,-146.62402182685,-540.320750080627
1317381479,448055028,-146.976686355915,-539.757259935994
1317381479,558024883,-147.341861657957,-539.163581145034
1317381479,658034086,-147.659239883189,-538.647228737787
1317381479,758023023,-147.968754360039,-538.152140491491
1317381479,868190050,-148.295159618114,-537.630953447176
1317381479,968059062,-148.576516747898,-537.175436100472
1317381480,78008890,-148.878117841703,-536.695081297662
1317381480,178067922,-149.14935212554,-536.271981150353
1317381480,278008937,-149.413212296937,-535.859317981521
1317381480,388161897,-149.694537529886,-535.415169195303
1317381480,487983942,-149.942479894092,-535.020382815517
1317381480,588009119,-150.187359626483,-534.632486733604
1317381480,698008060,-150.448023971006,-534.215903036038
1317381480,797998905,-150.679716867199,-533.846325270009
1317381480,908122062,-150.925341913836,-533.445439678844
1317381481,7973909,-151.144271614752,-533.089148103599
1317381481,107960939,-151.358155697561,-532.740423031862
1317381481,217968940,-151.58827368743,-532.364653765698
1317381481,317989110,-151.791955036996,-532.034835379696
1317381481,418183088,-151.989958879521,-531.716784563014
1317381481,527976036,-152.197224990294,-531.379666633252
1317381481,627970933,-152.378164862548,-531.085958192899
1317381481,738006114,-152.574617192258,-530.772283109853
1317381481,837953090,-152.745909699579,-530.498471726657
1317381481,938019990,-152.908852217998,-530.230701656847
1317381482,47954082,-153.080218474556,-529.947199075034
1317381482,148015022,-153.232425004348,-529.696505350526
1317381482,247940063,-153.38180030869,-529.456608083937
1317381482,358107089,-153.542198635639,-529.207830086951
1317381482,458075046,-153.6816408873,-528.994557419509
1317381482,567961931,-153.825105876907,-528.775899045887
1317381482,667980909,-153.945237125202,-528.590832164283
1317381482,768076896,-154.056895403789,-528.412064766731
1317381482,878043889,-154.173895690595,-528.229819265223
1317381482,977946996,-154.277166535972,-528.072367466097
1317381483,77953100,-154.375705465225,-527.927922539038
1317381483,187968015,-154.479958105351,-527.779176796527
1317381483,287971019,-154.567640264749,-527.65167763033
1317381483,388086080,-154.649294035242,-527.531410094658
1317381483,497968912,-154.736632421931,-527.407975172545
1317381483,597935914,-154.810364920313,-527.304074381901
1317381483,707958936,-154.885468130496,-527.195718698847
1317381483,807914018,-154.948859519234,-527.103753361463
1317381483,908058881,-155.008254797498,-527.020344457035
1317381484,17959117,-155.071127465039,-526.934426223832
1317381484,117944955,-155.125440116744,-526.860411381237
1317381484,217935085,-155.174451801837,-526.78722760113
1317381484,327934980,-155.222003134911,-526.711013255411
1317381484,427947044,-155.26384055058,-526.649906537676
1317381484,537899017,-155.305559268882,-526.585695667078
1317381484,637908935,-155.340174069923,-526.528163128385
1317381484,737978935,-155.373221888449,-526.477399876734
1317381484,848020076,-155.406290806349,-526.425688891603
1317381484,947973012,-155.435925432246,-526.381257074302
1317381485,47913074,-155.46477147286,-526.339716106534
1317381485,158035039,-155.49320074717,-526.298009705549
1317381485,257901906,-155.516661993739,-526.263060901775
1317381485,368115901,-155.539595852925,-526.229525516436
1317381485,467904090,-155.55927052439,-526.20168822215
1317381485,567917108,-155.577189822814,-526.178308603825
1317381485,677890062,-155.59414541039,-526.156669262171
1317381485,777895927,-155.606915474766,-526.141169982331
1317381485,877955913,-155.617734942269,-526.128566561682
1317381485,987898111,-155.628040981642,-526.117403722736
1317381486,87872982,-155.63591451021,-526.108054190899
1317381486,197897911,-155.64409104103,-526.097633574561
1317381486,297919034,-155.651697517568,-526.088283375103
1317381486,398073911,-155.659637122028,-526.06955592293
1317381486,507858991,-155.669408787086,-526.04946426081
1317381486,607856988,-155.679859256326,-526.021929665927
1317381486,707853078,-155.693148799902,-525.994592233332
1317381486,817852020,-155.708701326541,-525.961835808602
1317381486,918261051,-155.724855246115,-525.934293978217
1317381487,17916917,-155.742691789663,-525.906977809379
1317381487,127840995,-155.765938735222,-525.872610247848
1317381487,227852106,-155.789179227314,-525.838246361448
1317381487,337856054,-155.819085601315,-525.797200134192
1317381487,437882900,-155.84824539203,-525.757646033818
1317381487,537867069,-155.880520750918,-525.71257886859
1317381487,647856950,-155.917836790105,-525.659732896909
1317381487,747850894,-155.954511013002,-525.604955721117
1317381487,848006010,-155.992502939744,-525.547947201663
1317381487,957863092,-156.038922997814,-525.481165548071
1317381488,57873010,-156.083663771513,-525.416932300032
1317381488,167819976,-156.135960284784,-525.341101031536
1317381488,267983913,-156.184858412877,-525.26887611642
1317381488,367949008,-156.235501103763,-525.193596143643
1317381488,477833986,-156.29725101641,-525.106781719167
1317381488,577891111,-156.354517980055,-525.026429985001
1317381488,677826881,-156.413153316986,-524.945057374453
1317381488,787821054,-156.476917458624,-524.850531605936
1317381488,887983083,-156.537330530137,-524.75989874834
1317381488,987823009,-156.599259730236,-524.66870858343
1317381489,97804069,-156.666365765978,-524.566580126794
1317381489,197866916,-156.726634404768,-524.472180492068
1317381489,307809114,-156.793219804401,-524.37122821346
1317381489,407886981,-156.853032845683,-524.284642899762
1317381489,507819890,-156.910742717995,-524.202363077767
1317381489,617811918,-156.973375368584,-524.116085138698
1317381489,717776060,-157.026090479249,-524.039751445911
1317381489,817816972,-157.076570203724,-523.967705431682
1317381489,927897930,-157.127604918823,-523.895058692012
1317381490,27745962,-157.171979205518,-523.834966389582
1317381490,137814044,-157.21464922057,-523.77515340823
1317381490,237777948,-157.251207491323,-523.72756422093
1317381490,337810993,-157.281555719068,-523.688005330788
1317381490,447813034,-157.308747802406,-523.651388055607
1317381490,547797918,-157.324770397644,-523.627728557833
1317381490,647790908,-157.334911794798,-523.613269190266
1317381490,757791042,-157.339213696427,-523.607875358094
1317381490,857924938,-157.338856618804,-523.612120176422
1317381490,967828035,-157.342405023649,-523.611075253645
1317381491,67789077,-157.346678641422,-523.606957905322
1317381491,167749881,-157.350944365984,-523.603550940618
1317381491,277787923,-157.353327901805,-523.604023193645
1317381491,377893924,-157.359445141583,-523.604012506016
1317381491,477777004,-157.363971851864,-523.604813731714
1317381491,587753057,-157.367617517972,-523.607529351361
1317381491,687798023,-157.369189147609,-523.609776057717
