0,0,,0.0,0.0,0.0,0.0,0.0,0.0,0.0,0.0,0.0,0.0,0.0,0.0,0.0,0.0,0.0,0.0,0.0,0.0
0,0,,0.0,0.0,0.0,0.0,0.0,0.0,0.0,0.0,0.0,0.0,0.0,0.0,0.0,0.0,0.0,0.0,0.0,0.0
1658723766,77189158,map,2.9916915893554688,-0.29781869053840637,2.9916915893554688,-0.29781869053840637,0.0,0.0,0.0,0.0,-0.11955505588728993,0.0,9.990009990009991,9.990009990009991,10.0,10.0,1.0,1.0,0.9999000099990001,1.0000024987547849
1658723767,76255924,map,5.984060287475586,-0.5880535840988159,3.0071304807914516,-0.2992653587345393,0.007479601599839363,-0.0005850732024690028,0.000673919533820174,-7.841459566094711e-06,-0.11958120572666071,-7.6077634837010934e-06,51.789834720015406,49.842231195945956,16.33837514418697,14.34538092213985,1.3991939803745042,1.3990697833452899,6.585019364732434,7.387681825632805
1658723768,76301698,map,8.976613998413086,-1.0181615352630615,3.143034534510433,-0.3139544799795155,0.053159420354375146,-0.004771585879120867,0.006101524737585411,-0.0003828829087154152,-0.11983535288540821,1.0870237969927691e-05,203.57149488877994,188.344339761301,33.44261436095033,29.552717403378942,1.794378046192013,1.7956053543076165,45.513991086494634,13.760425556157342
1658723769,76384542,map,11.97258472442627,-1.2705034017562866,3.7508293252398373,-0.37260861414369184,0.21828201291605698,-0.019020647984019583,0.02455912656639516,-0.0018743482765642503,-0.12025785083639988,0.000119677200559225,575.3949646648882,518.5610024240249,62.36427246425478,57.143356065838226,2.15933606952245,2.1678467036675433,166.12530268144874,19.97057363091473
1658723770,76289734,map,15.075919151306152,-1.6087673902511597,5.590978121045825,-0.5511025327351535,0.6309657899742949,-0.05721851801882803,0.06419153438714709,-0.005537679427517483,-0.12035193431147913,0.0003786193524481264,1289.6048225731774,1172.0693275964836,98.71941169566203,93.84153690120297,2.4340250315725913,2.459210540960214,404.4597409579192,25.706155682439245
1658723771,76438796,map,18.059566497802734,-2.129779100418091,9.408852540489514,-0.9779190306887392,1.3294641663927664,-0.13614029568951325,0.11951316831350674,-0.012093641216196185,-0.1192886851518683,0.000784517819556741,2281.022325358023,2132.649360112119,130.75445990953028,128.53365088217822,2.5582800506974785,2.6014917512884477,765.8878349409698,30.51964874502858
1658723772,76237188,map,21.041799545288086,-2.518442153930664,14.962472823472815,-1.6447248219561674,2.1354750838242893,-0.23665075685729436,0.16901286143122934,-0.01877312844464456,-0.11751608041396691,0.0010358637460642633,3226.282854986424,3109.2620181035286,148.07157337320893,149.08976380791276,2.550588576659489,2.596611237194962,1209.4255745787716,33.99708321854674
1658723773,76323109,map,24.04924964904785,-2.6571743488311768,21.090335544317877,-2.3229935823182,2.800445635862048,-0.31007929646467713,0.19521386090723478,-0.021658191979980184,-0.11626159859404768,0.000998970363887673,3855.484521834694,3797.585343897823,152.24162782127456,154.82872750460032,2.5017519243183832,2.5339452528440716,1659.5517371650697,36.04738776629905
1658723775,76148529,map,27.042949676513672,-2.932229995727539,30.614412200978208,-3.340170030047742,3.199650648687316,-0.34917728935186837,0.16728192439945222,-0.018210847323232686,-0.1179508683034876,0.00047515521985290845,4261.281794767937,4270.790381368575,152.01436973931845,153.31658595025846,2.4950007646881147,2.495339559397004,2325.051030267467,37.207913615306396
1658723775,76148529,map,27.042949676513672,-2.932229995727539,30.614412200978208,-3.340170030047742,3.199650648687316,-0.34917728935186837,0.16728192439945222,-0.018210847323232686,-0.1179508683034876,0.00047515521985290845,4261.281794767937,4270.790381368575,152.01436973931845,153.31658595025846,2.4950007646881147,2.495339559397004,2325.051030267467,37.207913615306396
1658723776,76163118,map,32.81795883178711,-4.349740982055664,35.22023064369109,-4.1721905772382035,3.264894134021232,-0.4055606203543573,0.14804340654906994,-0.019631397220358608,-0.12418101306675162,-0.0001482925463079833,4274.827377661459,4290.043785956315,155.49029090781923,155.6742459647021,2.536929242327609,2.529739699795451,2506.2222595726084,37.23504873404571
1658723777,76252306,map,35.74794387817383,-4.176090717315674,39.18950322155159,-4.637965377447001,3.1788818665463805,-0.39359962376016006,0.12090639847138529,-0.016006844579816028,-0.12785579658294827,-0.00042671076008764334,4266.752526387522,4279.0636917990905,161.48320515625787,160.84070915889927,2.5867668091409888,2.5772134030633964,2609.5864439402894,37.290889644419885
1658723778,76013975,map,38.61396789550781,-4.554423809051514,42.58821315260927,-5.052997745330578,2.976463933572703,-0.37010725368070285,0.08941685192774987,-0.012085823571408822,-0.13167709443323392,-0.0006617449813482402,4266.74926828013,4273.008510190762,168.58246406629505,167.5157699300973,2.6311049934817,2.622583699995977,2661.238987572733,37.46838655388162
1658723779,76235442,map,41.432613372802734,-4.914460182189941,45.49690962948615,-5.416844617362473,2.692463158841088,-0.3374081193818214,0.056678263680635305,-0.00807300197498443,-0.1348633373043118,-0.0008064005837414882,4283.647276585643,4284.060409542954,175.39386673420086,174.27309739748105,2.66370003709653,2.6578628616259796,2683.3933124085806,37.777408691595284
1658723780,76225038,map,44.25125503540039,-5.274494171142578,48.02265741131177,-5.739573534010896,2.366193896012488,-0.29968599029941684,0.02572699615179171,-0.004285643982658868,-0.13748000566938323,-0.0008848570470053596,4312.111058055629,4308.587956345825,180.88577754701154,179.96587375676077,2.683144554131926,2.68021768543871,2690.436298648664,38.16870076678583
1658723781,76323783,map,47.22444152832031,-5.8709187507629395,50.352460401737275,-6.135878728671623,2.045029412832013,-0.2768719419868384,-0.0003377467056511381,-0.002091203278263099,-0.14049950523095497,-0.0009829640856698328,4344.660905513647,4339.510296535598,184.67715773900872,184.0690165030307,2.6925281095657434,2.6918339318522304,2691.7193155300083,38.595593694531594
1658723782,76175157,map,50.19219207763672,-5.868655204772949,52.58326077502043,-6.3309222757445305,1.7548187157660329,-0.22531168238852134,-0.020447649734771697,0.0017807089443442107,-0.14125835838418815,-0.0008924237646558401,4373.602242516016,4368.667119704489,186.87538169513266,186.56830211109724,2.695960961879579,2.6964902006641616,2691.8494126892624,39.01026415726026
1658723783,76390713,map,53.15846633911133,-5.866222381591797,54.80336344642991,-6.379564440038198,1.512611644357372,-0.15909363825572298,-0.03433867308742626,0.006105507220102177,-0.14011266190975386,-0.0006680155994479478,4395.9515333912905,4392.252846790233,187.92918715846525,187.84227654020881,2.69766997870213,2.6985235934477805,2693.362336535468,39.38836267771403
1658723784,76189348,map,56.10709762573242,-6.689681529998779,57.069130867635586,-6.694158921263141,1.3255957730995516,-0.146335005775832,-0.04246413165728946,0.00614328118020107,-0.14138056568578097,-0.0006627722189965343,4409.64497899693,4407.4449855479725,188.29806749454463,188.33199851335016,2.6996380175325005,2.700243564426517,2696.209307936042,39.7037156695807
1658723785,76382261,map,59.214927673339844,-6.974813938140869,59.49735046847238,-6.981553710319369,1.2058316926590829,-0.1332155514601782,-0.04484645309896103,0.006200108023031804,-0.14248720996841596,-0.0006456314432870723,4417.479603642524,4416.5441715916095,188.42337226521553,188.4952217647567,2.7032932538922005,2.7034241176823084,2700.6825954910155,39.95947700765323
1658723786,76218284,map,62.25956726074219,-7.4553351402282715,62.06375127287361,-7.339614659323338,1.1403006109320306,-0.1350855252860944,-0.04319747308840805,0.005225810740393215,-0.14352944486460062,-0.0006255869083313616,4420.381334376438,4420.267725770107,188.52440263254732,188.5819533711402,2.7080164653839587,2.707700225822899,2705.6282528993365,40.14967669693964
1658723787,76444516,map,65.2983169555664,-7.833642482757568,64.76646253162252,-7.708810646850751,1.1194784393208337,-0.14002674845558333,-0.03872161238582861,0.004175496215059913,-0.14503944969073038,-0.0006456258763132693,4421.7859287737765,4422.053555539718,188.74301574446116,188.76420023022408,2.7135575022764,2.712953821008111,2710.981998089754,40.29025789766291
1658723788,76153088,map,68.38130187988281,-8.470292091369629,67.61343395046458,-8.201709618518723,1.1367599370765407,-0.1648018658117836,-0.032259642704085024,0.0019159262094192472,-0.1474000128736903,-0.0007296517549755156,4421.741763815496,4422.064502916758,189.04693728972228,189.0316073022026,2.71858978826701,2.7178876101198663,2715.616368254015,40.38134743981059
1658723789,76326428,map,71.35411834716797,-8.903813362121582,70.53607201164544,-8.696102670688653,1.1732086888183677,-0.1866056996325702,-0.02536771783600096,0.00016670171737465686,-0.15038255318768817,-0.0008498110697792201,4422.813132357643,4423.011135503615,189.43222630197383,189.3919930083189,2.72311548891293,2.7224678104798286,2719.962041872464,40.44432780506359
1658723790,76286518,map,74.45161437988281,-9.26435661315918,73.57661301201816,-9.155592444634985,1.2306036858819198,-0.19970983758414326,-0.017985854894187907,-0.0007504565891201881,-0.1533952955982706,-0.0009535581753653397,4423.967690159009,4423.9866228801475,189.80366575727308,189.75334707113646,2.7264105939965684,2.7259071000484596,2723.352868040158,40.48076928935197
1658723791,76488937,map,77.52826690673828,-9.93088150024414,76.69775488536351,-9.721408336969308,1.297400639082159,-0.227126451922858,-0.010968357057707072,-0.0025196534938342974,-0.15716702694357962,-0.0011009115285960957,4425.903241100069,4425.770947772333,190.1346449402117,190.08667944140507,2.7287474409307086,2.7284155081436183,2726.124359392329,40.503556447860745
1658723792,76175747,map,80.61003112792969,-10.396828651428223,79.87537239245346,-10.273491628273366,1.366480491580601,-0.24743907526879366,-0.0047540810796399356,-0.0035625360574772203,-0.16145784083194997,-0.0012660699477631651,4427.171431737137,4426.952715758197,190.36989537270483,190.33187587983227,2.7298690673785297,2.729690596446734,2727.826777322758,40.51064257481853
1658723793,76396315,map,83.57345581054688,-11.030333518981934,83.03614990841835,-10.88445550480834,1.4236133297696951,-0.27265511737729814,-0.00020412233640318845,-0.004797497600724222,-0.16605852489937778,-0.0014294947616585651,4429.289748921432,4429.05132187906,190.54999384126845,190.52456737011778,2.7306581446918337,2.7305915083867984,2729.348952611271,40.51788445171673
1658723794,76202924,map,86.65779876708984,-11.465886116027832,86.22616690965428,-11.44570874101909,1.4767756951622275,-0.28475200882386287,0.003452709031177057,-0.004968404933784965,-0.17078377882639406,-0.0015769709344656605,4430.35804706737,4430.149113879429,190.64132145395328,190.62745929000207,2.730794004649923,2.730792829200042,2730.098809835781,40.51742911586146
1658723795,76230582,map,89.56755065917969,-12.29675579071045,89.35163142738301,-12.139982760487253,1.5104939306423462,-0.31415487382142,0.005282646221182265,-0.006296925362198168,-0.17456536744359588,-0.0016265571794732917,4431.493521302417,4431.339199125824,190.69456772372232,190.68926727058468,2.730890189356678,2.730915778582067,2730.6950866623006,40.518329284166455
1658723796,76188698,map,92.55709075927734,-12.884085655212402,92.45430825549106,-12.819597514919217,1.5338254761372976,-0.3347578192717106,0.006153817158220526,-0.006843487309452664,-0.1782148571741352,-0.0016578755705378547,4432.11837342758,4432.022767060233,190.712943615834,190.71272798859476,2.730891208288523,2.7309178915322025,2731.001919893759,40.518082484219676
1658723797,76302274,map,95.6139907836914,-13.458695411682129,95.5629484317276,-13.475672571596386,1.5524757073751356,-0.34633726726253605,0.006586469867059725,-0.00669958608816159,-0.1820702056326681,-0.0017004569779041224,4432.672636616903,4432.626042851439,190.72230060205806,190.7242118331972,2.731002821026627,2.731017949735808,2731.261097452663,40.51955083731115
1658723798,76112249,map,98.58696746826172,-14.12348747253418,98.63169742706035,-14.148389618902641,1.5600896753792786,-0.35664051108318506,0.0062073836728871205,-0.006488542312530712,-0.18576853041900634,-0.0017239936400984107,4432.530733079349,4432.517446468898,190.71588231825754,190.7179291644006,2.730982550914547,2.7309834110360836,2731.2118302804342,40.517978255218466
1658723799,76248064,map,101.64131164550781,-14.764781951904297,101.70310088288528,-14.81877517392588,1.56482971742064,-0.36291149143091594,0.005683688190349161,-0.006030923830681498,-0.18965631052100515,-0.0017586849249142077,4432.858646607308,4432.863023607411,190.72625411008337,190.72743694958407,2.7311926251422056,2.731182343227313,2731.3587192489604,40.52029371325799
1658723800,76144048,map,104.69984436035156,-15.411474227905273,104.7736616025219,-15.485546226024123,1.5670258881550607,-0.3657704055580301,0.005058101579146385,-0.005403181274905189,-0.19363111071130493,-0.0017948347795249324,4432.696109081579,4432.706074867449,190.72814422561214,190.72823138416345,2.731262315354133,2.7312462149814114,2731.296018665366,40.520008135576944
1658723801,76324981,map,107.76206970214844,-16.080507278442383,107.84346501480569,-16.15661486026477,1.5670313021069064,-0.36712306672275735,0.004368215113019137,-0.0047581173545977445,-0.19762754617504294,-0.001826903089714537,4432.989457872123,4432.997685628574,190.74441740828507,190.74363645753294,2.7314888316653043,2.731471915861883,2731.4265338756627,40.52281177683037
1658723802,76013663,map,110.1180191040039,-16.569801330566406,110.59600686637413,-16.74842377965475,1.5163898441022,-0.3544481319296147,0.00031753006886403416,-0.0032444056794579965,-0.20158166855486262,-0.0018507078843253424,4432.503760833012,4432.507202435398,190.74204465983536,190.74080190522943,2.7314079336145056,2.731393615708746,2731.2076766991927,40.520283002192976
1658723803,76246395,map,113.26630401611328,-17.319364547729492,113.46849095036741,-17.39625623078455,1.4919041514331122,-0.35138503548907246,-0.0013962567059770804,-0.002592659803982964,-0.20552005267283024,-0.0018693511946568724,4432.999465110727,4432.998073891766,190.76348663390223,190.762169761657,2.731627075141882,2.7316169137483333,2731.4012413281616,40.52376682396114
1658723804,76071268,map,116.28206634521484,-17.956260681152344,116.37654861597466,-18.035673508690643,1.4773740982773946,-0.34670364033483286,-0.0021970484618150567,-0.0019195968527882308,-0.20963122759641695,-0.0018988137808349142,4432.747264239995,4432.742567024459,190.76287880793856,190.76175627072251,2.731564211358317,2.7315582537912477,2731.28234229239,40.52248439601341
1658723805,76390929,map,119.24616241455078,-18.68893051147461,119.29408012603517,-18.711404431942267,1.4670241966784259,-0.347751401234051,-0.002603261951201208,-0.0017290798667063262,-0.21363528510833787,-0.0019150177572674761,4433.2926563514775,4433.2865831913605,190.78045898211087,190.77965612439553,2.731771740779387,2.7317691228740193,2731.515487964451,40.52637398573414
1658723806,76125709,map,122.33135986328125,-19.395809173583984,122.27345559375684,-19.40188493048742,1.4690130850753378,-0.3504537943393021,-0.002112476005110362,-0.0016775831388480382,-0.2177720656202697,-0.0019393195407588543,4432.8128357505375,4432.806997585971,190.77068173259187,190.7702060447791,2.731617556407757,2.731617077855952,2731.3130375659916,40.523611464490806
1658723807,76332210,map,125.26803588867188,-20.083375930786133,125.2368913973697,-20.0942654276496,1.4686572663336575,-0.35245653249161496,-0.00184846202512825,-0.0015852724389871307,-0.22196974400971514,-0.0019644483315815805,4433.195944405453,4433.191313336276,190.7826200855583,190.7824067255644,2.73174990698997,2.7317504532259727,2731.473598753765,40.52609940420455
1658723808,76012911,map,125.0182113647461,-19.70596694946289,126.77472380695508,-20.3144648877874,1.2467387173278803,-0.2800286183217873,-0.016735920473811006,0.003572089431115098,-0.22577830993078082,-0.001955042004429973,4432.706241807634,4432.703158161126,190.77130827831593,190.77126486983073,2.73156645169453,2.7315672130602366,2731.255998648714,40.522813106539836
1658723809,76447179,map,130.28948974609375,-21.425701141357422,129.72158819212717,-21.119020380998116,1.2838273440345929,-0.3109935313326002,-0.011921314810644935,0.000972086641067231,-0.22934463626743842,-0.0019277653315805726,4433.458331335174,4433.456667834422,190.79036892585643,190.79040858636705,2.7318219378279274,2.7318224620771545,2731.580720226076,40.527669780337526
1658723810,76149857,map,133.26011657714844,-22.159616470336914,132.71919457772483,-21.926468837859105,1.3271982676667604,-0.3380171848182889,-0.007336470467625753,-0.0010040674972855417,-0.23318772174808977,-0.001926873810566121,4432.880236960913,4432.879620074453,190.77496855838683,190.77502742539212,2.731630290001406,2.7316304255992723,2731.345954374663,40.52420471742025
1658723811,76168865,map,136.2518310546875,-22.974958419799805,135.76294234810334,-22.76761947781125,1.3732697087699295,-0.3657873216534096,-0.0031924451828656553,-0.0027615589065609954,-0.2369582318849316,-0.001920295635034056,4432.991849295325,4432.991847394095,190.77886180146743,190.7789036559769,2.731658253769449,2.731658045183915,2731.3836923240906,40.5246238601948
1658723812,76167912,map,139.30091857910156,-23.75794219970703,138.86032664975386,-23.613897548079972,1.4216294614749552,-0.3892083386391508,0.0005422479023909944,-0.003982558327454165,-0.24096343528805875,-0.0019332944083370986,4433.030367758817,4433.030615658875,190.77963857981416,190.77965070420294,2.731661827541672,2.7316614099371996,2731.396613102529,40.52473616733347
1658723813,76179848,map,142.41090393066406,-24.57733917236328,142.01716349348663,-24.474342216860542,1.4716378454552974,-0.40997134694391596,0.003879835695382884,-0.004855624124391591,-0.24512905836034757,-0.0019569035598960296,4433.068209427387,4433.068463489587,190.78002226954766,190.78000749561994,2.73167042393916,2.7316699431892455,2731.4131646628202,40.52494471590737
1658723814,76137234,map,145.55516052246094,-25.210519790649414,145.22401002348502,-25.257132239168897,1.5205430557496094,-0.41389052544751487,0.006686808313330267,-0.004460517282550685,-0.2499717493900519,-0.0020302646408033,4433.013397879426,4433.013538105212,190.77821847742888,190.77818700615612,2.731649620474879,2.731649187177311,2731.3899427381884,40.52456763145146
1658723815,76283869,map,148.76870727539062,-26.211605072021484,148.48860700537406,-26.14114629900735,1.5687243642460875,-0.431568192382376,0.009061236496171427,-0.005057800694738151,-0.2545524230523785,-0.0020712897091627047,4433.2348345112205,4433.23483591553,190.7833889662997,190.7833520806396,2.7317358044619495,2.731735478261393,2731.4926032974327,40.52614227590125
1658723816,76069594,map,152.02647399902344,-27.077932357788086,151.80318188925665,-27.036827729155895,1.6145855850867734,-0.4467886163679366,0.010953844045951915,-0.005406200412460319,-0.2593333709686019,-0.002121767751525683,4432.867593915829,4432.867487659554,190.77435313965327,190.77431953627405,2.731614425476323,2.7316142199364455,2731.3369241241944,40.5238110315441
1658723817,76236278,map,155.35337829589844,-27.93408203125,155.17496851501326,-27.93211785507106,1.6586659994613426,-0.4578468837437696,0.012466214209005042,-0.0054228506261369035,-0.26447238674607465,-0.002192421768288145,4433.1811419886135,4433.180980132213,190.78293747280958,190.78291194336535,2.731723712701531,2.7317236104125593,2731.4685591392918,40.52575429572336
1658723818,76147272,map,158.1415252685547,-28.734500885009766,158.3366372976816,-28.7975355383077,1.6593533998217034,-0.46085952038831596,0.010812369366806159,-0.004888544679576,-0.26930406020289355,-0.002227735779461579,4433.009060461046,4433.008891836574,190.7785169834306,190.77850073619751,2.7316692427394744,2.731669211937647,2731.398752942092,40.52474366655561
1658723819,76173806,map,160.53143310546875,-29.41661262512207,161.15715527732408,-29.585104838224403,1.6032302477734293,-0.449701044639397,0.00550836916687886,-0.003460302774449609,-0.2734643719628155,-0.002204419680148588,4433.070917767456,4433.0707755441645,190.78052788098393,190.78051967017478,2.731690756773501,2.73169076469375,2731.423277688248,40.52509941788546
1658723820,76158350,map,163.59765625,-30.28960418701172,164.02403485482026,-30.398097931521736,1.5612680018342167,-0.4431408734612245,0.0018941525881995451,-0.002540650945821418,-0.27767516096378814,-0.002188786270516997,4433.049928600705,4433.049827801531,190.78010889386474,190.780106309686,2.7316833017035544,2.7316833225211807,2731.413922465601,40.52496333956657
1658723821,76271691,map,166.63185119628906,-31.179283142089844,166.918581259208,-31.237843933045205,1.5294274824604375,-0.44094595022846544,-0.0005364615603885869,-0.002044230441840117,-0.2818912427908086,-0.0021759954251244305,4433.210083040687,4433.210023935195,190.78404457505317,190.78404508588153,2.7317457156901455,2.7317457334125237,2731.488134159044,40.526122521858206
1658723822,75964383,map,169.0583038330078,-31.87240219116211,169.56948638769592,-32.009948653491676,1.4648467444523936,-0.42794469989986345,-0.004869032038564872,-0.0008784439168196454,-0.28594402918549006,-0.0021524745107684554,4432.733459800926,4432.733433755506,190.77254083716576,190.77254242263274,2.7315726315159106,2.731572639261432,2731.2756669831037,40.52288222424625
1658723823,76186702,map,172.19509887695312,-32.819881439208984,172.3647373534325,-32.84557047948358,1.4340271346425022,-0.42650984212570825,-0.00630706774446245,-0.0006606763575692843,-0.29008386510318435,-0.00213936115670571,4433.191164447582,4433.191159589445,190.78435834169883,190.78435973396986,2.73171641468675,2.7317164120788866,2731.461230465226,40.52558331247875
1658723824,76025491,map,175.27772521972656,-33.81842041015625,175.25245301349105,-33.75163347771582,1.4245550330793717,-0.43612907132194584,-0.006092856146945319,-0.0012267739644109738,-0.2941142855990819,-0.0021198087983983725,4432.9251387926815,4432.925144106254,190.77658614201684,190.7765867802475,2.73161815055148,2.731618140710473,2731.3477754703385,40.52389753173829
1658723825,76133561,map,178.25999450683594,-34.73099899291992,178.17196962748415,-34.67142637757209,1.4233057623260104,-0.44598523523932604,-0.005346684426845572,-0.0017317607474801747,-0.2982159588121482,-0.0021088800541895544,4433.139987461017,4433.139994951912,190.7815509322798,190.78155076776173,2.7316890952559367,2.731689082285168,2731.438692409328,40.52524944467602
1658723826,76087861,map,181.22666931152344,-35.61008071899414,181.11075505822464,-35.584069294403925,1.4270155260549067,-0.45268058435701536,-0.0043641391208986075,-0.0019522461685778036,-0.3025605430429532,-0.0021189097497956414,4433.046453177701,4433.046458371385,190.77852999407148,190.77852925806803,2.7316625261649015,2.731662513546981,2731.404515619135,40.524781265306785
1658723827,76261960,map,184.15850830078125,-36.55097579956055,184.0509452117091,-36.51680298723319,1.431651925953319,-0.4608321994583301,-0.0034523075143457716,-0.002241935228033635,-0.3068897457749898,-0.002126067372870028,4433.285881674818,4433.285883060168,190.7844024928868,190.78440150056724,2.7317633891346236,2.7317633790245295,2731.5193683283346,40.52658813886892
1658723828,76070188,map,187.0747528076172,-37.47562789916992,186.98509355326559,-37.454841993951675,1.4358884278480213,-0.4678977735801947,-0.002692350787564418,-0.002418117692149234,-0.3113078304000857,-0.0021392357455294695,4432.921249733571,4432.921247735053,190.77584078288953,190.77583980633625,2.7316516338514143,2.731651627040887,2731.369487952596,40.52438635814781
1658723829,76360791,map,190.07981872558594,-38.40618133544922,189.95617591324105,-38.39767995571907,1.445867019242858,-0.4737918636294573,-0.0016441709901585488,-0.0024901879908791717,-0.31591583990361405,-0.002165158787696399,4433.371773724978,4433.371769662011,190.78824727739232,190.78824648783467,2.731823149497769,2.7318231457623297,2731.569517069656,40.5274291656175
1658723830,76180590,map,192.9603271484375,-39.35478591918945,192.89745415536493,-39.3493897925661,1.450391179134611,-0.47944180548754806,-0.0011112425076186096,-0.002535927018358394,-0.32048638810181984,-0.002184189892569872,4432.9843236712695,4432.984318976716,190.77917014203615,190.77916960528734,2.731704714570334,2.7317047131300978,2731.412414027485,40.525146806982875
1658723831,76449375,map,195.81057739257812,-40.327613830566406,195.80414195912002,-40.31699129895136,1.4489678191093134,-0.4858350713014223,-0.0010566858909914498,-0.002625979908587889,-0.3249949008393707,-0.002195162388736077,4433.37897013686,4433.378965896761,190.79038572425134,190.79038542614495,2.731854573026807,2.7318545729589365,2731.5870508104167,40.52780215770851
1658723832,76126820,map,198.7106170654297,-41.333709716796875,198.70534254384557,-41.308455953434326,1.4475104405014285,-0.4942228878591568,-0.0010119801138105927,-0.0028400256940179208,-0.32943390379256077,-0.002199118052392549,4432.802578941809,4432.802575745765,190.77690077569537,190.77690065762636,2.7316538524383205,2.731653852948948,2731.3364321405734,40.524026246109
1658723833,76234995,map,201.64695739746094,-42.36400604248047,201.62119334287567,-42.326709155664666,1.4486875895968965,-0.50453790160268,-0.0007935837217417328,-0.0031561834431499984,-0.3337880922878355,-0.0021956023086872117,4433.077962055199,4433.077960038739,190.78508990598033,190.78508989695146,2.731724198806733,2.7317241993579024,2731.4342030263215,40.52533796628417
1658723834,75904301,map,204.67271423339844,-43.44221115112305,204.58636247336398,-43.38277417083749,1.4578288858536215,-0.5182323535449266,-6.170849435353429e-05,-0.003659942178605129,-0.33815385534739106,-0.00219370799319328,4432.648272300269,4432.648271295028,190.77376870777616,190.77376874592798,2.731533024239085,2.731533024558607,2731.2247621219144,40.52202172351398
1658723835,76192054,map,207.54464721679688,-44.497962951660156,207.52138453409307,-44.45430512652489,1.4605961651841632,-0.5309794720005405,0.00013549736780756112,-0.004030044765404683,-0.3423126349282026,-0.0021755545963869573,4433.24995685234,4433.249956548309,190.7871079988694,190.78710804175648,2.7317061811075813,2.7317061811307584,2731.467136130761,40.52554204710496
1658723836,76079368,map,210.38648986816406,-45.53608322143555,210.41753032057528,-45.52498343305615,1.4570102719897213,-0.5404178322510135,-0.00012761640217962616,-0.00412413189814033,-0.34627828063497224,-0.0021451557673766463,4433.0310647968,4433.031064873199,190.7784061063275,190.77840613204046,2.731625483689905,2.731625483477261,2731.381815707498,40.52433353212935
1658723837,76290070,map,213.3165740966797,-46.609493255615234,213.32525305044132,-46.60757478220367,1.455676484355256,-0.5489062359643735,-0.00020119050804931374,-0.00414039537525344,-0.35010111795804977,-0.0021081714210185267,4433.332562634879,4433.332562838561,190.7844540139575,190.78445401685525,2.731747576279962,2.7317475759411476,2731.5261643432177,40.526595118240095
1658723838,76158353,map,216.24209594726562,-47.68568420410156,216.23882641710722,-47.69657241021151,1.4556803968964558,-0.5558330723701583,-0.00017347703078996618,-0.004048103811102561,-0.3538708664699617,-0.0020729506549056814,4433.025513039487,4433.025513213349,190.77649320428588,190.7764931886804,2.7316693880535734,2.7316693876939313,2731.411203934902,40.52498151434926
1658723839,76289954,map,219.1483154296875,-48.76836013793945,219.14957070588352,-48.79064106290528,1.4551774170616725,-0.5611617267998305,-0.0001841178928341423,-0.003859230438425616,-0.35754201128879876,-0.0020354194267473706,4433.209052049951,4433.209052126232,190.78253136948433,190.7825313437263,2.7317562964220508,2.7317562961148103,2731.4981008382706,40.52632766030892
1658723840,76179025,map,218.43702697753906,-48.518001556396484,220.45371994418002,-49.29451007760966,1.2042371593218477,-0.4723989311884758,-0.01727815083474216,0.002722665000179014,-0.3599988061451316,-0.0019080045428142528,4432.985243978301,4432.985243953106,190.778359331575,190.77835930384893,2.731693311280645,2.7316933110602664,2731.4060981510806,40.52497657056352
1658723841,76318906,map,223.79896545410156,-50.81827926635742,223.27767187849508,-50.49605146893674,1.2344521365717596,-0.5069929736441626,-0.012859134352102442,-8.8667398962009e-06,-0.362681360049785,-0.0018184613756637908,4433.206097357691,4433.206097261451,190.78535343732227,190.78535341340734,2.7317761296904486,2.7317761295593255,2731.5007966217513,40.52639996880442
1658723842,76208105,map,226.70889282226562,-51.7601318359375,226.17301815010148,-51.620841533703455,1.2753192833233153,-0.5243175606089107,-0.008316852520214468,-0.0011895454357793594,-0.3658597038910758,-0.0017822821818960248,4432.993715489614,4432.993715362553,190.78073021667825,190.78073019937193,2.7317027200442805,2.7317027199849626,2731.4087935213543,40.525027462820994
1658723843,76268314,map,229.5998992919922,-52.92634963989258,229.11219024451793,-52.78338641997595,1.3192856437306666,-0.5444609171108923,-0.004182636462289901,-0.0024014172320080884,-0.3688022001330238,-0.0017331447273553101,4433.112797120014,4433.112796996278,190.7843644824236,190.7843644720144,2.731734995405558,2.731734995392981,2731.4528943801456,40.52564503673947
1658723844,76045564,map,232.5551300048828,-54.087772369384766,232.10699514563706,-53.96768426260475,1.3665994059995186,-0.564182668950538,-0.0003842914273080233,-0.0034192716896609384,-0.37163252461637863,-0.0016829872784444833,4432.803305646563,4432.803305547339,190.77663222222395,190.77663221742486,2.7316048113492095,2.7316048113596585,2731.3053722875384,40.52333328403937
1658723845,76357233,map,235.5281524658203,-55.294559478759766,235.1456645545504,-55.18425182356202,1.4133619418258228,-0.5847311560654319,0.0028582800853321,-0.00435441355902748,-0.3742394108406946,-0.0016229648633410566,4433.355818966819,4433.355818899911,190.78959966664345,190.7895996655391,2.7317830586510405,2.731783058667026,2731.5385595983103,40.526804566303504
1658723846,76472550,map,238.595947265625,-56.46951675415039,238.2490178967931,-56.4051291474884,1.4621915954938567,-0.6014423489711829,0.005799360152261235,-0.004900256959788515,-0.3770006071708173,-0.0015846594425218412,4433.382939098039,4433.382939061293,190.78820887544134,190.7882088761914,2.7318176161657277,2.731817616177254,2731.576168971884,40.52756701436857
1658723847,76471157,map,241.70022583007812,-57.67401123046875,241.4069517520525,-57.63727086856638,1.510232623639538,-0.6158082152121891,0.008285421737803968,-0.005211702154599476,-0.3798549633381757,-0.0015597894552022967,4433.227265813281,4433.227265799073,190.78455817563986,190.7845581768703,2.7317979431763693,2.7317979431798634,2731.5298252083076,40.52701035000271
1658723848,76182635,map,244.5989227294922,-58.85148620605469,244.50295625496628,-58.86097600640948,1.5387214212789735,-0.62504961357472,0.009098798291050895,-0.005131270095990519,-0.3825979923502633,-0.0015301265247606468,4432.759449090526,4432.759449089808,190.77515961688061,190.77515961779466,2.7316369841489627,2.7316369841451213,2731.3187789825947,40.523750916494095
1658723849,76493962,map,247.4383087158203,-60.02328109741211,247.5179396666218,-60.07237010341652,1.547029184730804,-0.629215205501603,0.008423727908527094,-0.004715118665830743,-0.3852875657399771,-0.0015007813212285779,4433.3232520855045,4433.323252090493,190.7907013097414,190.79070131004252,2.7318215428385364,2.7318215428300965,2731.5498670112283,40.5271279229429
1658723850,76239919,map,250.28514099121094,-61.18934631347656,250.46666863675645,-61.26791758927334,1.541318438335682,-0.6288809501292639,0.006885086343626601,-0.004049142800918429,-0.3880460146228046,-0.0014816443286310489,4432.874269571215,4432.874269576622,190.77897531239685,190.7789753121262,2.731654707936222,2.731654707926248,2731.353314459916,40.52416494517178
1658723851,76345734,map,252.64111328125,-62.407630920410156,253.14687489889013,-62.473421293274875,1.4922453879576156,-0.6288051448909459,0.0025978068349302363,-0.0034914458393205433,-0.3902593426543217,-0.0014224001840852261,4433.117345828037,4433.117345831183,190.78507358368967,190.78507358305308,2.7317173515064117,2.7317173514972812,2731.4436188434224,40.52541605541318
1658723851,76345734,map,252.64111328125,-62.407630920410156,253.14687489889013,-62.473421293274875,1.4922453879576156,-0.6288051448909459,0.0025978068349302363,-0.0034914458393205433,-0.3902593426543217,-0.0014224001840852261,4433.117345828037,4433.117345831183,190.78507358368967,190.78507358305308,2.7317173515064117,2.7317173514972812,2731.4436188434224,40.52541605541318
1658723853,76333192,map,256.4432067871094,-64.14777374267578,257.6036583129376,-64.51287289268653,1.2762741579531294,-0.5715531170114969,-0.012033000554242373,0.001111672190889227,-0.3939398504208099,-0.0012739191447060328,5657.988371938404,5657.988371937146,224.92280949814037,224.9228094973408,3.6414997315546715,3.641499731549637,3382.6117598345336,56.680687823921545
1658723854,76084695,map,260.9798583984375,-65.98613739013672,260.5665672054338,-65.820455941704,1.3139929913899886,-0.5940964214980419,-0.007932873502266704,-0.0005319993903726563,-0.3963064465029455,-0.0012596865404353847,4986.073575681764,4986.0735756791155,216.24208332658986,216.24208332599932,3.5478313551553815,3.5478313551529435,3155.6311467560413,54.04245045407132
1658723855,76362417,map,263.7940673828125,-67.222412109375,263.47641777648744,-67.1091876850785,1.3416825157508647,-0.6106873193035975,-0.004924102651925913,-0.0016044589199465257,-0.3986873535356902,-0.0012483204005894729,4695.0908347821305,4695.09083477908,220.50569817766484,220.50569817728675,3.4721055606886986,3.472105560687984,3040.330389137405,51.586413848209304
1658723856,76234501,map,266.5799560546875,-68.39485168457031,266.3524845141478,-68.35999084074338,1.3627939270380665,-0.6186403073106274,-0.002730768799493238,-0.0019405953381920894,-0.4012790275284507,-0.0012562221284339015,4590.666995106064,4590.666995103335,226.41115136739398,226.41115136720487,3.369082961168611,3.36908296116885,2978.1945600041827,49.310479439464636
1658723857,76350162,map,269.3431396484375,-69.61373138427734,269.1995790035995,-69.60488364101391,1.3772363644991223,-0.623748681650227,-0.0013119150455246705,-0.0020280402905160284,-0.403830913835564,-0.0012594696939506056,4577.544873969245,4577.54487396727,228.8677000242091,228.86770002415602,3.2395115009614823,3.239511500962019,2940.041059703618,47.2878694060381
1658723859,76213976,map,274.9310302734375,-72.10111999511719,274.86750269137394,-72.10085553115954,1.3966274669029453,-0.6308760547757013,0.0002856050835590482,-0.001967320004471418,-0.4085955235491489,-0.0012373497524141718,4608.154866715107,4608.154866714657,220.80131882407272,220.80131882411285,2.9788127840055703,2.9788127840056924,2884.786473675251,44.168168024452456
1658723859,76213976,map,274.9310302734375,-72.10111999511719,274.86750269137394,-72.10085553115954,1.3966274669029453,-0.6308760547757013,0.0002856050835590482,-0.001967320004471418,-0.4085955235491489,-0.0012373497524141718,4608.154866715107,4608.154866714657,220.80131882407272,220.80131882411285,2.9788127840055703,2.9788127840056924,2884.786473675251,44.168168024452456
1658723861,76332756,map,280.49871826171875,-74.5992431640625,280.499545781144,-74.61430726597969,1.4039271562136335,-0.6359451687887365,0.0006573819605364946,-0.0017822378831973977,-0.41255759525069957,-0.001163064886734946,4585.347095888298,4585.347095888438,206.27874025156183,206.2787402515722,2.8138235472229,2.813823547222599,2836.120430975539,42.26103348061408
1658723861,76332756,map,280.49871826171875,-74.5992431640625,280.499545781144,-74.61430726597969,1.4039271562136335,-0.6359451687887365,0.0006573819605364946,-0.0017822378831973977,-0.41255759525069957,-0.001163064886734946,4585.347095888298,4585.347095888438,206.27874025156183,206.2787402515722,2.8138235472229,2.813823547222599,2836.120430975539,42.26103348061408
1658723862,76307436,map,280.7883605957031,-75.18928527832031,282.1598576015917,-75.56871402803512,1.2226390917626087,-0.5889919449123335,-0.01169477624874341,0.001635023638703908,-0.4124428098428176,-0.0009686605629318859,4555.322998732972,4555.322998733128,200.35568027293533,200.3556802729269,2.7721636518048673,2.772163651804516,2814.199319966176,41.669345849792784
1658723863,76415124,map,285.563232421875,-76.97003173828125,285.03859510295695,-76.84777384827548,1.2675006108728861,-0.6016268952103887,-0.007089784594624838,0.0005619079017455393,-0.4139730657613322,-0.0009363774651814552,4522.664674187434,4522.664674187524,196.0849649485603,196.08496494853986,2.7502535478379557,2.750253547837634,2794.9571064251436,41.25847198576044
1658723865,76399792,map,291.2468566894531,-79.74201965332031,290.8750879688802,-79.55612466359872,1.352906777336094,-0.6436328960110304,5.966025090879765e-05,-0.0022617028398962446,-0.4158311923194064,-0.000795957566911249,4468.3275634182155,4468.327563418148,191.9472483694911,191.9472483694675,2.738939549744142,2.7389395497439772,2765.2514655771515,40.80220793750777
1658723865,76399792,map,291.2468566894531,-79.74201965332031,290.8750879688802,-79.55612466359872,1.352906777336094,-0.6436328960110304,5.966025090879765e-05,-0.0022617028398962446,-0.4158311923194064,-0.000795957566911249,4468.3275634182155,4468.327563418148,191.9472483694911,191.9472483694675,2.738939549744142,2.7389395497439772,2765.2514655771515,40.80220793750777
1658723867,76655884,map,294.0466003417969,-81.37435150146484,295.0154595112065,-81.70149790427321,1.1631166007725522,-0.588515447120546,-0.01217125168687233,0.0018682047564250572,-0.41658003124791493,-0.000616307300844964,5676.2946841472885,5676.294684147137,225.48646876637676,225.48646876636093,3.6502965446065017,3.6502965446064533,3408.056617773902,56.82103723029212
1658723868,76325220,map,298.1194152832031,-83.17017364501953,297.72956215778305,-83.02392882496093,1.1971359755968785,-0.6066704276752715,-0.008306123494708733,0.0004182869794231753,-0.4168101924849082,-0.0005375165996552954,4992.200134453634,4992.200134453527,216.8683895610816,216.86838956107368,3.5577967694790984,3.5577967694790935,3170.3576680848028,54.11781098915224
1658723869,76430226,map,300.5600891113281,-84.33342742919922,300.3288937464194,-84.28250640799163,1.2122566564321653,-0.6128233610405859,-0.006115273570439212,-6.425001045293096e-05,-0.4171658622027989,-0.00047886356911784844,4697.393692838514,4697.39369283844,221.28725716960696,221.28725716960395,3.481717065399847,3.4817170653998586,3048.6614330803136,51.63333461060638
1658723870,76353642,map,303.2909851074219,-85.7389907836914,303.0002039582766,-85.61412081017431,1.2396691217737108,-0.6299753229272371,-0.0033065798884235158,-0.0012703856444919242,-0.41703376150448,-0.00038867714092408976,4592.7757927780385,4592.775792777994,227.26704700847694,227.2670470084768,3.3771678892642414,3.3771678892642543,2982.8580318045965,49.34814657679097
1658723871,76441856,map,305.8185729980469,-87.08065032958984,305.6349459703043,-86.96875037940485,1.2585725356176622,-0.6480661458032717,-0.0014874853383079133,-0.0023789184789126767,-0.4165601217864003,-0.0002849884880706537,4580.269191847973,4580.269191847952,229.65861930157587,229.65861930157683,3.245356759087933,3.2453567590879393,2942.538253160709,47.3217497666797
1658723872,76114221,map,308.7254638671875,-88.17797088623047,308.41525517937635,-88.22469536948192,1.2993925669562993,-0.6462260476424609,0.0016113305299744042,-0.0019121663348687437,-0.4162430172380961,-0.00021191886032852575,4597.525477754882,4597.525477754878,227.23182893404567,227.23182893404666,3.1059860122392724,3.1059860122392706,2912.0724947538883,45.59646098898079
1658723873,76966773,map,311.6767883300781,-89.89118957519531,311.32092840621146,-89.69026910613543,1.3529714768953902,-0.6784835044836004,0.005125969933641891,-0.003896551060994212,-0.41577196448498377,-0.00013883315729339157,4612.528310347697,4612.5283103476995,221.27059490816123,221.27059490816174,2.9811494156144445,2.981149415614437,2886.0415556911767,44.20425922564591
1658723874,76310367,map,314.6375427246094,-91.25831604003906,314.30727326848034,-91.14400836374169,1.409335837089078,-0.7022335260006559,0.008300425114902978,-0.004995243624130642,-0.41545729031038664,-9.094678598988844e-05,4607.388669862443,4607.388669862448,213.70863342305398,213.70863342305387,2.882427775748481,2.8824277757484706,2860.2216524753,43.102731132670534
1658723875,76301980,map,317.6651306152344,-92.64519500732422,317.3732639456482,-92.59283576810195,1.4658111157555465,-0.7193772046340291,0.011015016504199417,-0.005482226053965507,-0.41546156445027305,-7.670368886860017e-05,4587.128021671779,4587.128021671782,206.42615615940224,206.42615615940173,2.8141821816017902,2.8141821816017805,2836.37784288059,42.28107401217895
1658723876,76120661,map,320.6669921875,-94.1162109375,320.46958644767534,-94.07000464070902,1.514134611779796,-0.736495051958917,0.0127933732016245,-0.005898481819549844,-0.41528011652211916,-5.003193658089511e-05,4556.395447083849,4556.395447083849,200.42641591048556,200.42641591048488,2.772258352576316,2.7722583525763085,2814.370980389448,41.684217181001564
1658723877,76385603,map,323.5100402832031,-95.5201644897461,323.50380678009105,-95.5328809326848,1.54053941762073,-0.7466401126799045,0.01284809606703051,-0.005786846326173969,-0.4149078857341408,-1.2587672818669071e-05,4523.595950554767,4523.595950554766,196.12254640049142,196.12254640049076,2.750415547717273,2.7504155477172683,2795.2776721365835,41.27162607627064
1658723878,76640944,map,325.7456970214844,-96.69095611572266,326.2082292310966,-96.87574668798725,1.5071640807086184,-0.7346139200601491,0.008860921185004738,-0.004193892769952893,-0.41421144298222645,4.444317011862475e-05,4493.507305136165,4493.507305136162,193.41519300291534,193.41519300291486,2.741433186139501,2.7414331861394987,2779.0963622628874,40.994341103549644
1658723879,76540945,map,329.5351867675781,-98.36259460449219,329.36210756245987,-98.35276774012759,1.5466983337337568,-0.7442394029144894,0.010336592562369514,-0.004277676506203475,-0.4143317240869705,2.7942002014607293e-05,4469.097501775194,4469.097501775192,191.97120097112514,191.97120097112486,2.7392980274298933,2.739298027429893,2765.729439071982,40.811894209772205
1658723881,76073405,map,334.8038330078125,-100.97303009033203,335.310619201402,-101.18971850562325,1.5420268725716633,-0.7366179198725302,0.0070657252129190835,-0.0025770873997460588,-0.4151606219448821,-4.134884836237793e-05,4441.8254635806525,4441.825463580652,191.29996482512172,191.2999648251217,2.740926930911424,2.7409269309114253,2747.4079954008375,40.6289437845385
1658723881,76073405,map,334.8038330078125,-100.97303009033203,335.310619201402,-101.18971850562325,1.5420268725716633,-0.7366179198725302,0.0070657252129190835,-0.0025770873997460588,-0.4151606219448821,-4.134884836237793e-05,4441.8254635806525,4441.825463580652,191.29996482512172,191.2999648251217,2.740926930911424,2.7409269309114253,2747.4079954008375,40.6289437845385
1658723883,76455282,map,339.35101318359375,-103.19824981689453,339.97287041940706,-103.4613910785256,1.3524707052037324,-0.6498913565178432,-0.00663384436191522,0.0035115829712328425,-0.4151083388216742,-2.482528586152476e-05,4435.871388748542,4435.871388748541,191.5093629801337,191.5093629801338,2.7404594521102252,2.740459452110226,2738.255596571416,40.575008476654155
1658723883,76455282,map,339.35101318359375,-103.19824981689453,339.97287041940706,-103.4613910785256,1.3524707052037324,-0.6498913565178432,-0.00663384436191522,0.0035115829712328425,-0.4151083388216742,-2.482528586152476e-05,4435.871388748542,4435.871388748541,191.5093629801337,191.5093629801338,2.7404594521102252,2.740459452110226,2738.255596571416,40.575008476654155
1658723884,76320260,map,342.05242919921875,-104.57051849365234,342.40021438799863,-104.67650924695513,1.2959036704554563,-0.6296727164517406,-0.009588463293242207,0.004412030420857414,-0.41484326186241516,2.5112404788121465e-09,4435.59378453308,4435.593784533079,191.5275540590859,191.52755405908607,2.738746038348442,2.7387460383484425,2735.5809117705962,40.56231291226968
1658723885,76533617,map,344.4102478027344,-105.79431915283203,344.73423085670544,-105.87321327307332,1.2363639574640117,-0.6110189016178919,-0.012342303666859032,0.005082626647723229,-0.41430962150977196,4.21140032677458e-05,4436.406586005299,4436.406586005299,191.47303753827816,191.47303753827833,2.736951689893721,2.736951689893721,2734.0925378108914,40.55813389374455
1658723886,76308024,map,346.9864196777344,-107.14920806884766,347.10881010212535,-107.11903482094499,1.1964403771779408,-0.6046142195060219,-0.013382331242228637,0.004826225789458438,-0.41355167685025995,9.529654948753973e-05,4436.3281291668345,4436.3281291668345,191.33778900985865,191.3377890098588,2.73502085829203,2.7350208582920295,2732.9242444943934,40.55119753434705
1658723887,76331521,map,348.9312744140625,-108.2651596069336,349.24866353932293,-108.30028392457147,1.1301507519303726,-0.5905875239535356,-0.016078257921173022,0.005124574338489448,-0.41220243291320746,0.00018677373053192152,4436.385800842245,4436.385800842245,191.1921792819153,191.1921792819154,2.733628920879047,2.7336289208790467,2732.3840942357583,40.548030999362794
1658723888,76420965,map,349.75103759765625,-108.8305892944336,350.729240306709,-109.19278428274964,0.9762258507767908,-0.5352518569830608,-0.024382558269925726,0.00819937257811206,-0.4100316508472717,0.00032868281184939935,4436.1152522777365,4436.115252277738,191.05440280753447,191.0544028075346,2.7327167615554764,2.732716761555476,2732.1295847624447,40.545599719913156
1658723889,76512920,map,349.7796630859375,-109.19327545166016,351.39458078778796,-109.78873279759738,0.7265328814332932,-0.44476653138957023,-0.038084498722603645,0.013251593559275618,-0.4055387360558216,0.0006315575424741733,4435.556976508284,4435.5569765082855,190.94313579445563,190.94313579445563,2.7322144541237092,2.732214454123709,2732.0036412988675,40.54305754478735
1658723890,76296886,map,349.8314514160156,-109.34422302246094,351.5099412046256,-110.0865780995288,0.44167591647920934,-0.32596419648346014,-0.05231753890927014,0.0195465199367741,-0.4017480082039057,0.0008311840908928952,4434.496444535706,4434.496444535706,190.8573150327028,190.85731503270276,2.731855190242112,2.7318551902421118,2731.7471819384823,40.53745157546626
1658723891,76439260,map,350.7735290527344,-109.22688293457031,351.6751313868899,-110.06827786143586,0.2249470499591841,-0.18227112705322027,-0.059961485662174775,0.026680017461653653,-0.4045768126148232,0.00047650018233817595,4434.174595937236,4434.174595937235,190.82110768609505,190.821107686095,2.7319001319633873,2.7319001319633873,2731.8018609431983,40.53618728792952
1658723892,76384624,map,355.0908203125,-111.4382095336914,353.4399299811989,-110.87855960446817,0.310198278333656,-0.19846560731840462,-0.04596754708439829,0.021936088330737624,-0.40521517462126416,0.00035083606105084855,4433.611575444246,4433.611575444247,190.798545305951,190.79854530595094,2.7318958706569876,2.7318958706569876,2731.7110845125476,40.53297489389581
1658723893,76546628,map,356.83111572265625,-112.3200912475586,355.2888261033812,-111.7386555909887,0.40991357398096645,-0.22684319825620652,-0.03289364899694864,0.017007292582259945,-0.4056947701257898,0.00025754571491584286,4433.55122087848,4433.55122087848,190.79966089866127,190.79966089866122,2.7320287626562005,2.7320287626562005,2731.7751260664704,40.53247489589302
1658723893,76546628,map,356.83111572265625,-112.3200912475586,355.2888261033812,-111.7386555909887,0.40991357398096645,-0.22684319825620652,-0.03289364899694864,0.017007292582259945,-0.4056947701257898,0.00025754571491584286,4433.55122087848,4433.55122087848,190.79966089866127,190.79966089866122,2.7320287626562005,2.7320287626562005,2731.7751260664704,40.53247489589302
1658723895,76535993,map,358.7626647949219,-112.98193359375,357.9662887929621,-112.83608708861202,0.43369219516457,-0.18726529622919078,-0.022852859526556205,0.015168445041049323,-0.4076625981891528,3.596962218589342e-05,5658.166813851929,5658.166813851929,224.94336791981544,224.94336791981544,3.641815836556188,3.641815836556188,3382.9362703787156,56.68500309753101
1658723896,76952115,map,361.33245849609375,-114.34710693359375,360.08000210003433,-113.77746470478964,0.5752535457654586,-0.24209724587485223,-0.010423439431747889,0.009515296086861446,-0.408851909829736,-6.342430813373083e-05,4987.01553902088,4987.01553902088,216.29139810344435,216.29139810344435,3.548437480858965,3.548437480858965,3156.302396651546,54.05044867618337
1658723897,76559517,map,363.3732604980469,-115.37223052978516,362.2362207212814,-114.78293499897228,0.7103145517639349,-0.3038725255193546,0.00034503023200984154,0.003934303076574275,-0.4096019855530024,-0.00011432954903016346,4694.670179998449,4694.670179998449,220.5192599296098,220.5192599296098,3.4722747139519656,3.472274713951965,3040.311631862439,51.58592350548402
1658723898,76688458,map,365.5268859863281,-116.40958404541016,364.5154538901022,-115.85848568595088,0.8486745627989166,-0.37101499583439623,0.010098778234788788,-0.001380215360173116,-0.4101765883677104,-0.00014299460311849514,4590.847756686373,4590.847756686373,226.44390117829892,226.44390117829892,3.3693420208316525,3.3693420208316516,2978.3609343402754,49.3122674617882
1658723899,76812658,map,367.81768798828125,-117.46098327636719,366.94758932937197,-116.99446392289022,0.9895269219837716,-0.438465707618957,0.018699202824964983,-0.005991490734928839,-0.41077211981599215,-0.00016866750695245506,4577.722295035849,4577.722295035849,228.89380904668369,228.89380904668369,3.239675029209409,3.2396750292094083,2940.156411218627,47.28913408312528
1658723900,76215719,map,366.6623840332031,-117.19244384765625,367.8857943438235,-117.55919916691302,0.8546067558983983,-0.39879037312290494,0.0065068427421400375,-0.0023364513128705227,-0.4105691094222389,-0.0001241467202215819,4594.041819738333,4594.041819738333,226.60838674824305,226.60838674824305,3.1022845092477986,3.1022845092477978,2910.6277160333248,45.563064658081665
1658723900,76215719,map,366.6623840332031,-117.19244384765625,367.8857943438235,-117.55919916691302,0.8546067558983983,-0.39879037312290494,0.0065068427421400375,-0.0023364513128705227,-0.4105691094222389,-0.0001241467202215819,4594.041819738333,4594.041819738333,226.60838674824305,226.60838674824305,3.1022845092477986,3.1022845092477978,2910.6277160333248,45.563064658081665
1658723902,76658987,map,364.56451416015625,-116.49259948730469,367.33553836493206,-117.5870023897761,0.25787734311826505,-0.16218112543980134,-0.03421691824474987,0.01374720546168663,-0.41000291667565153,-4.3523759049115266e-05,5888.971604570888,5888.971604570888,252.66533900515222,252.6653390051522,3.815090588398831,3.815090588398831,3575.7547126473146,59.72312170739843
1658723902,76658987,map,364.56451416015625,-116.49259948730469,367.33553836493206,-117.5870023897761,0.25787734311826505,-0.16218112543980134,-0.03421691824474987,0.01374720546168663,-0.41000291667565153,-4.3523759049115266e-05,5888.971604570888,5888.971604570888,252.66533900515222,252.6653390051522,3.815090588398831,3.815090588398831,3575.7547126473146,59.72312170739843
1658723904,76396494,map,364.0379333496094,-116.24235534667969,365.6217668828381,-116.97163443069374,-0.2863772839765543,0.08039082822306085,-0.0598131967898603,0.025533059328218713,-0.410113286634975,-3.867899729240027e-05,6341.323133673603,6341.323133673601,271.864941644494,271.8649416444939,4.459109120606551,4.459109120606551,4014.4957403481985,69.74252022162482
1658723905,76585041,map,365.1964111328125,-116.82816314697266,365.1268144625408,-116.8199814609872,-0.39410111322253155,0.13006467663841953,-0.05901721121948137,0.02543948439194117,-0.41019772055089715,-3.924837583768039e-05,5281.80025529578,5281.80025529578,261.53753131626485,261.5375313162648,4.242082927369354,4.242082927369354,3555.315696419288,63.39277975707825
1658723905,76585041,map,365.1964111328125,-116.82816314697266,365.1268144625408,-116.8199814609872,-0.39410111322253155,0.13006467663841953,-0.05901721121948137,0.02543948439194117,-0.41019772055089715,-3.924837583768039e-05,5281.80025529578,5281.80025529578,261.53753131626485,261.5375313162648,4.242082927369354,4.242082927369354,3555.315696419288,63.39277975707825
1658723907,76573435,map,362.2297058105469,-115.63961791992188,362.7387443053735,-115.89404126149154,-0.7584400685918236,0.29593359742461,-0.06759228812339561,0.029725407249020612,-0.41017483131657445,-2.51014827210159e-05,6145.730845019161,6145.730845019161,311.52643728267844,311.52643728267844,4.748317336839688,4.748317336839687,4072.1032283780114,71.69095024642755
1658723908,76463762,map,361.33294677734375,-115.25475311279297,361.2808150780537,-115.27707178521901,-0.8839667888258792,0.35950630289055724,-0.06692544224531168,0.03001089793730222,-0.4102986829702644,-3.1154629627384864e-05,5299.919555649791,5299.919555649791,295.5414762247093,295.5414762247093,4.379183523888611,4.37918352388861,3606.658843638814,64.34755243322005
1658723909,76412826,map,362.9237060546875,-116.17051696777344,361.21488321632614,-115.36267275529939,-0.7270553422414339,0.2820706764947122,-0.046306400185376295,0.020263267333973628,-0.40990345632982256,7.350197603314749e-06,4989.868273981391,4989.868273981391,288.9571537136916,288.9571537136916,4.04969857715909,4.049698577159089,3356.0076203554313,58.74077625289373
1658723910,76668442,map,360.4422912597656,-115.23381042480469,360.09362707804,-115.01116983341547,-0.7615402229259013,0.28547469144766446,-0.042165804531167576,0.01761927717532244,-0.4090686925903954,7.679727407034814e-05,4886.800081098961,4886.8000810989615,279.4026566679055,279.4026566679055,3.728789368426638,3.728789368426637,3207.7739450693284,54.279479340557735
1658723911,76529346,map,359.54840087890625,-114.9757308959961,359.04485082636353,-114.6999487574875,-0.763140440962423,0.2754047932249716,-0.03633718353012755,0.014427082961249555,-0.40815079425987644,0.00014118909320278908,4849.343894624801,4849.343894624802,265.2433413857559,265.2433413857559,3.438583152696708,3.4385831526967072,3109.571985802536,50.71768191508789
1658723912,76343302,map,357.76007080078125,-114.27488708496094,357.63504871932025,-114.209765365984,-0.8158260586761513,0.2938488606169027,-0.034952306153515286,0.013705725627542017,-0.4071765377150302,0.000198836705846502,4817.021184516636,4817.021184516637,248.8533967587414,248.85339675874138,3.20247592433644,3.202475924336439,3037.0143512159716,47.92064576030167
1658723913,76696855,map,356.7528381347656,-113.8878402709961,356.3607105652466,-113.74877934920661,-0.8255487454171766,0.29991881156538264,-0.030842973976520405,0.012248425593338719,-0.40629427371724186,0.00023867393968446407,4771.760977815917,4771.760977815917,233.05535053292107,233.05535053292107,3.0285852915579374,3.0285852915579365,2978.9560263606163,45.77830505712457
1658723914,76646668,map,359.6626281738281,-115.14234924316406,357.0440861438031,-114.08848008665531,-0.5032392385115894,0.16987129482819616,-0.004933886603910063,0.0018209481107552706,-0.4061217870724674,0.00021391614187145773,4713.148088029172,4713.148088029172,219.6548372181868,219.6548372181868,2.9109595268055277,2.9109595268055273,2929.5954847109006,44.170868165606635
1658723915,76672411,map,360.2831115722656,-115.49826049804688,358.01194911261126,-114.56234177937165,-0.1945942226525853,0.04225789269682906,0.01642423716284766,-0.006980477671939541,-0.4059648759211554,0.000192141178670739,4650.461649924923,4650.461649924923,209.41151429812368,209.41151429812368,2.8378875854236494,2.8378875854236494,2887.441191694515,42.999483751087276
1658723917,76310646,map,359.6537170410156,-115.42272186279297,359.4557634222683,-115.33955969996572,0.1694430554338221,-0.11269462323121086,0.034252737528583654,-0.014570505698696353,-0.40570224935030574,0.0001557655323533056,4541.074681954615,4541.074681954615,197.67390570880067,197.67390570880062,2.7742658465429333,2.7742658465429333,2821.741128243831,41.590570649529035
1658723917,76310646,map,359.6537170410156,-115.42272186279297,359.4557634222683,-115.33955969996572,0.1694430554338221,-0.11269462323121086,0.034252737528583654,-0.014570505698696353,-0.40570224935030574,0.0001557655323533056,4541.074681954615,4541.074681954615,197.67390570880067,197.67390570880062,2.7742658465429333,2.7742658465429333,2821.741128243831,41.590570649529035
1658723918,76315258,map,361.9900817871094,-116.46917724609375,360.78325747594704,-115.97212513994234,0.392767959405002,-0.20560078052794672,0.04468102512018555,-0.01886558184442462,-0.4059384726704942,0.00011248981427360819,4503.018014603568,4503.018014603568,195.04216684388422,195.04216684388416,2.7638176253827456,2.7638176253827456,2797.7773980135253,41.20680768127018
1658723919,76444209,map,360.6658020019531,-116.05265808105469,361.164619240946,-116.23532998384403,0.4189724324395671,-0.22020364826937178,0.04040865780136024,-0.01730099785145666,-0.4059487811115932,9.393456212805344e-05,4476.566681797128,4476.566681797128,193.68687811569032,193.6868781156903,2.758726474591188,2.758726474591188,2779.0121637138823,40.95862072157307
1658723920,76443210,map,359.3511962890625,-115.69780731201172,360.8201474108963,-116.23961487678534,0.31510754370270994,-0.18668750129347797,0.027874375175754175,-0.01267785617940024,-0.4055252790349316,0.00011249972556996367,4459.646242626034,4459.646242626034,193.05482695400428,193.0548269540043,2.755338829300819,2.755338829300819,2764.617581345013,40.801181210972196
1658723921,76499490,map,360.89788818359375,-116.3890151977539,361.20452282912316,-116.51332944918578,0.3324406241547075,-0.19646908400033736,0.025260477274443475,-0.011618143046333572,-0.4054892800063261,9.760916494664683e-05,4450.14985312266,4450.149853122659,192.7621351821243,192.76213518212433,2.7520951456626372,2.7520951456626372,2754.02714756023,40.70542153701071
1658723922,76240890,map,362.5700378417969,-117.2354507446289,362.18073733012,-117.05253169454826,0.43164743485610013,-0.24258132524653198,0.028578655547146246,-0.01317724199286863,-0.4055499513876047,7.74478652608501e-05,4444.9571803262415,4444.957180326241,192.55403899114373,192.55403899114373,2.7483202579656023,2.7483202579656023,2746.261699341286,40.64520532591691
1658723922,76240890,map,362.5700378417969,-117.2354507446289,362.18073733012,-117.05253169454826,0.43164743485610013,-0.24258132524653198,0.028578655547146246,-0.01317724199286863,-0.4055499513876047,7.74478652608501e-05,4444.9571803262415,4444.957180326241,192.55403899114373,192.55403899114373,2.7483202579656023,2.7483202579656023,2746.261699341286,40.64520532591691
1658723924,76285998,map,362.38189697265625,-117.34461212158203,363.04236868357214,-117.63827654622061,0.4162417265728514,-0.23761300328567417,0.020199167153958846,-0.00945148417905016,-0.4055007912141587,5.820850353924517e-05,5670.368909930425,5670.368909930425,226.41925872378528,226.41925872378522,3.6514807505657405,3.6514807505657405,3392.5347866353686,56.755203243542105
1658723925,76548055,map,364.5012512207031,-118.41276550292969,364.18783352816314,-118.26303998016498,0.5037390094376006,-0.27901592077225756,0.023322253244532673,-0.010943441106436103,-0.4055143255043965,4.7975672332911994e-05,4994.772846641416,4994.772846641416,217.34990081378805,217.34990081378794,3.554703978287163,3.554703978287163,3161.5684919624423,54.099669868171745
1658723926,76284403,map,366.8495178222656,-119.47802734375,365.97279386626786,-119.12982098311397,0.6710296985701988,-0.3488186730152384,0.03165028973944826,-0.014251067479937464,-0.4055270327486296,3.910909920746635e-05,4700.8834914123045,4700.883491412304,221.29095699289758,221.29095699289746,3.476344374227771,3.476344374227771,3043.366350728748,51.62687769987399
1658723927,76738809,map,368.8570251464844,-120.49127197265625,368.0239962067555,-120.13273181718402,0.8480824796858832,-0.42628094133524563,0.039701070089225216,-0.017716166830772914,-0.4054433831427315,3.955607213517881e-05,4596.202223885816,4596.202223885816,226.98023290001387,226.98023290001385,3.3719829406293087,3.371982940629309,2980.340049872109,49.34996849520305
1658723928,76416657,map,371.0303955078125,-121.59227752685547,370.32008520185343,-121.2632049955529,1.026128240916998,-0.5074133234862388,0.04672957625041864,-0.020972332895570288,-0.40519855243737135,5.3302319445162236e-05,4581.011647007097,4581.011647007095,229.21159454146272,229.21159454146266,3.241148947349033,3.2411489473490334,2941.050802505802,47.317208552191765
1658723929,76601163,map,373.3887634277344,-122.7607650756836,372.8398451934927,-122.50006903261597,1.1970317095177743,-0.5861379299363288,0.052205342571798236,-0.02357292169677626,-0.40487865399180084,7.088055447066105e-05,4597.49548049179,4597.495480491787,226.82767240245212,226.82767240245198,3.1036833636900965,3.103683363690097,2911.7490249840057,45.59420228676938
1658723930,76708518,map,375.9825439453125,-124.02894592285156,375.5791862141202,-123.83681446827835,1.358435157017178,-0.6604308663066035,0.056181959952493365,-0.02546710450907967,-0.40461569236667855,8.077619480959749e-05,4610.23588297929,4610.235882979289,220.93988230721112,220.93988230721095,2.979907937851753,2.9799079378517535,2885.5113754870586,44.19206715129406
1658723931,76540632,map,378.6047668457031,-125.36056518554688,378.43800082307763,-125.25100622293698,1.4940432591151034,-0.726639469497615,0.05778328882732492,-0.026519116948794635,-0.40413700645815176,0.00010642611863947592,4605.956269079918,4605.956269079916,213.53188724933037,213.53188724933023,2.882425463903082,2.882425463903082,2860.280112030066,43.0952986307081
1658723931,76540632,map,378.6047668457031,-125.36056518554688,378.43800082307763,-125.25100622293698,1.4940432591151034,-0.726639469497615,0.05778328882732492,-0.026519116948794635,-0.40413700645815176,0.00010642611863947592,4605.956269079918,4605.956269079916,213.53188724933037,213.53188724933023,2.882425463903082,2.882425463903082,2860.280112030066,43.0952986307081
1658723933,76548551,map,380.07574462890625,-126.09187316894531,381.87941685873363,-126.95067012164635,1.3374888681679247,-0.6481231348852761,0.03291982327061613,-0.014680675295938056,-0.4042230207746778,6.821801064029235e-05,5842.591039295723,5842.591039295723,237.5499930592355,237.54999305923536,3.692431243656154,3.692431243656154,3509.3539117268815,58.11729698675861
1658723935,76160548,map,388.0573425292969,-130.06129455566406,387.91344236594693,-129.93437089812699,1.5451803839768663,-0.753449014207998,0.037537397907611195,-0.01756765877772541,-0.403190747185453,0.00012718421322770678,4756.5019328345,4756.501932834499,223.3498880232836,223.3498880232834,3.4822720004661525,3.4822720004661525,3095.2227686208785,52.02128685874891
1658723935,76160548,map,388.0573425292969,-130.06129455566406,387.91344236594693,-129.93437089812699,1.5451803839768663,-0.753449014207998,0.037537397907611195,-0.01756765877772541,-0.403190747185453,0.00012718421322770678,4756.5019328345,4756.501932834499,223.3498880232836,223.3498880232834,3.4822720004661525,3.4822720004661525,3095.2227686208785,52.02128685874891
1658723936,76390800,map,390.80987548828125,-131.3980255126953,390.9144720663917,-131.42145054675848,1.6058407356655429,-0.7853603542465,0.03652383765214763,-0.0173406658498666,-0.40265963547503203,0.00015003732045370326,4626.155574655756,4626.155574655755,227.68879626151514,227.68879626151497,3.377854098830597,3.377854098830597,3014.0159321362516,49.55300672930639
1658723937,76538593,map,393.51544189453125,-132.76211547851562,393.84574772510047,-132.8865708466623,1.6328423114455128,-0.8026931113344437,0.03325867464387967,-0.01611039067260862,-0.40217565124629495,0.00016523926548024363,4595.654476286265,4595.654476286264,229.55406863141422,229.55406863141408,3.2498670706693167,3.2498670706693167,2962.6128194159583,47.429057360293505
1658723938,76512474,map,396.2665710449219,-134.15866088867188,396.72251227309005,-134.338524390526,1.6349968141743934,-0.8095233442544444,0.028717057433045607,-0.01431877560216743,-0.4015882741944361,0.00018635795169455853,4602.817870976938,4602.817870976938,227.2455489554876,227.24554895548755,3.1143328122060123,3.1143328122060123,2924.7050975567417,45.65911767417356
1658723939,76578224,map,399.0218505859375,-135.48997497558594,399.54495498533845,-135.7419728596789,1.6185051799606358,-0.8025483122020795,0.02356067179468713,-0.011834762330779007,-0.40121851355919763,0.000186115111427739,4612.006406844698,4612.006406844698,221.5760536087641,221.5760536087641,2.990856020219587,2.990856020219587,2893.0401680657646,44.23838998914648
1658723940,76472656,map,401.8006286621094,-136.84446716308594,402.32964117734747,-137.11540971752552,1.5917387428523455,-0.7883750306605812,0.01847363127004207,-0.009229349954732173,-0.40099890569752566,0.00017379160740639554,4607.38711791265,4607.38711791265,214.31882606713882,214.31882606713884,2.8921193211882974,2.892119321188297,2864.5520901402647,43.13553893764443
1658723941,76634717,map,404.0611267089844,-137.96759033203125,404.8471932609454,-138.35985028657092,1.5211579534321047,-0.7531754926726275,0.011147897621325363,-0.005573690086179961,-0.4007576856438667,0.00016526472494922918,4588.2093415916315,4588.2093415916315,207.15761564064232,207.15761564064238,2.8222198952093405,2.82221989520934,2838.8987903171724,42.31226435449564
1658723943,76229808,map,409.7701110839844,-140.80465698242188,410.12078271886037,-140.97192597972662,1.442562250565745,-0.7146845949414792,0.0034459020172429174,-0.0017791365394419466,-0.4001904767419743,0.00015921395973420116,4525.8274415513915,4525.8274415513915,196.6968600099359,196.6968600099359,2.75385477553819,2.7538547755381897,2795.7640680460913,41.29305811187373
1658723943,76229808,map,409.7701110839844,-140.80465698242188,410.12078271886037,-140.97192597972662,1.442562250565745,-0.7146845949414792,0.0034459020172429174,-0.0017791365394419466,-0.4001904767419743,0.00015921395973420116,4525.8274415513915,4525.8274415513915,196.6968600099359,196.6968600099359,2.75385477553819,2.7538547755381897,2795.7640680460913,41.29305811187373
